rainfall_intensity,rainfall_accumulation,forecast_rainfall,elevation,slope,drain_capacity,drain_utilization,blockage_percentage,catchment_area,historical_flood_frequency,distance_to_drain,road_elevation,flooded,water_depth
29.913078969668163,5.806430504398907,138.28508863356913,203.54473992825191,2.5230543703208252,135.93400402659753,47.847509956152585,45.07167945792431,2.8610376792721537,0.3465354046977507,0.4696064988014692,205.59728089000683,1,0.24650793113002495
111.48420550280439,201.7182118027555,33.58970228498015,212.90005715469374,1.1041513198313913,109.1891642598535,39.73710072009955,34.09259796988799,1.6886749909172611,0.6902452781281667,1.9035736858874017,212.10268012234727,0,0.0
109.57321000087758,114.48835830127878,28.002348843122817,223.34669264619927,1.1801889004014274,117.10720333034955,71.9803735447591,64.97084587228751,1.2695372212406446,0.9912444246378005,2.0564971571229336,219.31881149859825,1,0.15316977953207436
86.20604019804136,11.30843695880146,90.08375656632505,231.60355738873352,5.988363532369828,154.08420357048263,63.384563659613676,49.71062365506459,1.0696668601887505,8.060053452424778,2.1917972708987454,232.11327438805304,1,0.20616919809541248
113.70541154136448,15.175762058076373,39.19365091363501,238.1266098592542,5.725755006895203,116.40951264633478,55.47954701609362,50.52565733067357,3.378497508798523,11.031345866340345,1.8724478943948355,236.46016907126352,1,0.1471532057458174
115.16098113556504,259.3669251173002,100.90214052407424,244.4001154526648,0.5843207615490178,71.86737468931223,78.76850090211131,12.110806955997298,0.29153584640038144,11.335495246871297,0.608044816576741,246.55298037618667,1,0.3174886202491382
23.04879324352781,230.52236513592655,128.58881231445065,212.68944273813122,5.58734649521137,90.43540089485234,49.07224833076865,31.52633018364906,1.7720462974631626,1.4976986874767548,1.769804592048718,211.65656508462084,0,0.005521622205098865
32.204052740146444,51.18937397175285,102.31484152699322,243.02979680185794,1.77308470414166,125.2995860523531,64.16135904351101,61.50156553171418,3.190140937935864,9.088689512110232,0.6749904108768734,241.2725266437215,1,0.09731893458683855
36.04035392223278,86.13831891497686,70.33644057064453,247.67625926619996,4.2123055804949745,145.06063983822688,81.52014142990473,61.720764690491386,2.736689436581186,4.418474368796595,1.6049572141498512,248.61020457702514,0,0.0
21.09908015340202,48.974944985131295,37.35475600457791,207.55871052062233,4.089193885027086,112.42052345789989,83.44307283010255,58.7129321733866,2.987212549916638,1.5123251510889415,0.40816288168610715,207.56150171424338,0,0.1844387413136179
121.66325848916917,129.12068974726128,99.65674569272109,217.01138303716883,1.9197427933861864,134.91388531301726,73.8707211498903,71.02929664054028,3.0385483503125585,9.083347042100002,1.1577723615350464,218.8825474023148,1,0.7472109356148617
55.921167438151784,116.02947618745118,117.1580505596623,244.50830029704264,4.876182853420645,105.07975136257761,60.240786703629354,76.04150230927273,0.26987906048967475,0.9821712391990935,0.17940942585488429,245.05311775430155,1,0.04056553651534897
102.14066929537752,74.83305965912365,73.14205532900638,202.15261727956553,5.467004767238726,149.53197667506595,38.793309980441364,21.379796839334126,1.2130066701491509,4.898953869153271,2.0998623556063154,199.93647602394702,0,0.18662277017429704
41.316458352036754,84.17352639559519,114.43823715888878,222.0961352748747,1.5782143117292486,118.72767602239169,47.330284653858115,34.65150806172786,2.1731840221525713,6.676893484731471,1.6775843985412817,224.2002977540095,0,0.07071343948875339
31.301842102829273,69.27691995063087,106.56617707386661,217.51894584551036,4.113422180911893,77.35805940848881,61.25029854798217,58.38139489834806,3.0880841567442507,6.472048271727888,1.487265218042887,219.48656699725126,1,0.1832262392846205
91.00351466991704,217.63293004383405,98.94056954319763,208.6246655089408,1.469786736735915,143.69509300312282,92.7602870170019,29.112227854248644,3.1606849503442715,6.567625900622806,1.4585372108470853,209.09714999655583,1,0.5861602090014995
112.76923046056122,185.01169312222117,92.83378444667649,199.20971764022272,4.5195803520653755,86.65372298517131,72.28251808659692,30.079406871461014,2.441269988560658,0.49818484871136537,1.8139371518231977,198.87088629679482,1,0.5129115025094971
107.85305618762105,259.2569742292278,72.02228171748754,238.99349397201667,5.634607855259803,159.92197330751054,76.82227698178761,40.756102440673764,0.6668941665369628,4.937054365102899,0.16435120094115568,239.61710104553498,1,0.24865890799998183
17.561835343620903,114.96255006480881,103.26947280539412,213.96992087871095,2.8478494697712193,100.13106740351341,67.40512612748472,44.62133666585997,0.9346670838307678,0.5243323209366699,0.9732222690871982,211.98824725838261,0,0.09012700711688972
91.48047505162512,200.84056399913146,118.0610798431329,204.55088591025313,5.989700494131887,101.42677379817576,74.52024234594342,26.486924544182948,0.5925595435316593,8.130912587062781,0.7043564391547603,204.1083920810823,1,0.7030583265959909
96.39961323095778,133.3073209947739,16.06177124883463,232.0657930796334,4.080329774177897,153.61323179711923,40.56625140128655,37.2577411395952,3.4022200674546883,6.965814499951053,1.6865702408449386,228.88528938205442,0,0.0
24.667612045996048,183.86725670424914,102.79841716400843,236.44682232876525,1.575639691621639,108.10519581049654,61.275637570828366,1.4516588868234237,0.6128916601519199,3.2130744916305365,0.10931686248462813,234.33345989711566,0,0.0
64.04624707914236,216.58847715691613,66.70249629529647,236.3227409429719,3.166863392951986,151.53747673442598,54.0279028050768,60.64317722932975,0.3695547479650995,1.2122149087009682,0.39193049690378867,239.4394710647577,0,0.0
118.10325622145925,82.70378795285734,63.95309490041391,219.3166478698812,4.401426738911587,154.40344121483724,50.53281217867756,55.53689600398319,2.0649715804281676,2.6496764952541976,2.1973889632223513,221.24751659587636,1,0.19961047931280507
19.405745513158283,28.424487137270624,54.99823668591056,225.61879123193395,4.1079804616435815,137.4749599882074,95.12461326744221,13.355346457879032,1.754647463683349,5.713499557562728,0.7715703297334681,225.99929126186024,0,0.0
53.801023397451075,111.36992520843194,50.6807632032998,225.47929710209903,2.5508523922933812,126.56709041777349,73.7335488814648,43.976828296115585,3.1272531208112646,11.439282542335588,1.5948964129730447,224.51594212118124,1,0.18604814645565
33.686087329414676,105.93774605687017,123.21632637132225,242.1576916478208,5.323036485134192,135.0961476735019,58.11819103852373,32.515547396994506,3.253686095683082,11.44672090619879,1.804477694812455,241.75999161943398,0,0.0
78.2896323791243,232.80740025321444,64.36507161081622,224.05963483430511,3.3238992989953466,115.13248127253945,36.16351431576374,35.64170955226052,0.6775968886814301,5.116418773920867,1.5983600236396114,222.60468847193835,0,0.0
20.934162173058603,122.0683306258818,120.71720406491269,229.49473797203828,3.681463487320258,118.74536101008337,35.77961268102277,38.134397890257304,0.21352996343580277,3.312088013899827,1.5298291315958439,226.30245352424404,0,0.0
121.3584919158013,178.5373454383095,38.78683245396327,201.75125184016767,5.937475735241657,73.20564347970944,58.68550736521483,16.700693324039378,2.1559697668680182,5.8833385639341635,0.9068292613951332,200.2721986036819,1,0.3364871502192438
124.36269795368477,188.40217865566927,123.62494963630068,206.38917560339206,0.5585218706293091,150.00486189030457,58.50107087143664,19.70488346753725,2.704255401799364,2.3881683946679013,0.14886128907912666,204.35221097612555,1,0.593187021804517
72.10110146124012,182.7250967840002,79.05784008800886,208.82414588889804,1.5921229593016633,155.17847114464547,50.222875705232276,30.45740297659193,0.4214646681999766,10.160011596840185,2.0642320692861977,207.69738411905647,1,0.30281786239189357
41.13581852489112,68.52988282352769,93.01571986584968,206.6194286371867,2.121151167544426,137.79823940302884,44.179256659631065,72.89343363803633,1.596621184137298,9.518040217764181,0.6329069986271229,207.78034054419783,1,0.4793088783541223
73.8265724633853,116.40532330721136,40.15738169943809,213.03559144280982,5.859675910458305,101.4539748616991,42.81396861854857,3.5462157700684482,2.499855040882352,0.9125628803080312,1.2325834971455143,216.41530918883345,0,0.0
82.14627679856686,178.52694312181842,11.571527912977972,228.1920343952132,0.6832255612132985,153.86148409403802,56.560782479184404,74.65802447452275,2.9223843837941486,11.439645914761392,1.991696662946165,227.50448013551542,1,0.19381568912410943
114.77564686585076,42.31241100348221,134.07420078637054,238.385092786734,4.669737674576865,159.95331281329254,61.542647583891764,17.425065040517467,2.368443379284689,8.0448435980183,0.7166577456055538,238.923619838381,1,0.3682750900926834
112.78997017871477,16.6463759775,12.066200073786364,240.1595616179593,3.9838919012217073,103.92307912882198,61.79606891607271,45.79251068776341,1.864882077183005,9.055243782643727,0.31271778339054723,240.76160514944516,1,0.08966162757761072
129.96697159758884,204.27025430621524,52.41058215927316,215.38961987509796,2.3503369858181546,117.56623377038059,99.3891276055619,23.237214100117516,3.4141627765132907,2.03283092482491,0.9906508511921516,214.62383059846343,1,0.5257163551910622
18.08572271361283,227.05011914821665,121.39769721092078,205.26812701130063,5.354741004328989,113.48450429415962,85.37847328699534,75.52439614149061,0.9935141023262637,8.758213270342907,2.1285025436112472,205.8456227662932,1,0.5660142852715879
45.227623612155625,205.44769389250675,131.6389106899901,237.34297439056195,0.9502385017000854,133.52196608446573,42.32951410398231,52.45929720485691,1.742293954010452,1.6441663834012634,0.2561497155374383,238.68683122529134,0,0.0
102.70325357917586,202.32727304919294,55.906983103449726,209.48747957881704,4.577796916172154,102.47390786006463,78.31607658473067,56.467310938984085,3.1298245412657772,4.332135885129617,1.358262697262455,207.732389992561,1,0.4627736816633415
55.87684495242388,97.39974730906911,42.01582246697772,210.91722626696406,5.345318354197896,105.84299951919832,49.30484792086453,21.003699249285166,3.0525977390832533,5.48295691008391,0.9262151245454032,210.32565462154167,0,0.0
20.10964872039949,55.81033369113193,64.10444952532575,242.68640366989715,2.0637452913553282,119.5039805947097,61.45917642976273,69.36809094269469,2.2784135790698907,3.3682270826841947,0.3973541663581892,243.21801513052037,0,0.0
53.040581834921724,23.837386788357485,55.63970604890771,240.62388224869665,4.663799763360426,157.8050099775556,69.39322525200942,27.957582933850034,2.9399368765775753,4.149652736527452,1.0610147536360999,241.72468167566487,0,0.0
55.05792360020357,209.1839729396507,106.48889753249902,244.82125177549497,0.8080998267953191,89.47882709957685,64.72333516594497,50.97357415842435,2.8993244216576493,7.374838264299218,0.9298131328190398,246.61594276634222,1,0.09264747452162639
110.96117961267854,167.0071316958607,18.889250249259476,246.15053367493013,5.360664181126273,128.6022312708835,70.85526744123906,33.09077719158065,1.204715074258092,2.1699867305824267,0.8374663114522702,246.58180175141337,0,0.0
46.18131017537275,109.12104456650482,12.765254281821925,211.6530527466445,3.745456879129772,120.34103429722121,88.39905625988328,3.572804350903791,2.856574599701122,3.869825828504482,0.16496086597186882,212.09099481139975,0,0.0
76.7583965549447,231.74704094128865,43.46148236961791,233.01193197062972,0.6994492517430817,158.3348956765049,83.99763824028571,53.879355765311274,0.7481249675491173,8.101082574268268,0.8479143493370731,235.94569418403344,1,0.1721187870897156
99.82795746640879,7.4228125411451895,97.84611014493252,244.60799881088388,5.651591480487254,96.66309421528413,70.4634096924882,61.08566177796095,1.9288895401572173,11.835748653678536,0.8877962002458016,245.75933969468133,1,0.4384149843909443
50.69401899793235,215.61754199860457,98.38413142247505,226.51976370443202,1.7317785734042834,151.40882732181632,70.48215741858604,12.848522007646963,0.45674293088888657,11.480085011042627,1.509263821057551,226.8422457969261,1,0.10530393927075307
40.838412721616635,195.37743263153789,76.62629727423446,206.15042387388092,4.181305400726481,93.47035708990003,58.955153228145484,72.65394207989313,1.3186382339071434,3.7730661428404755,2.1422109303806467,206.10736799871827,1,0.22280867349090966
116.50942535182533,219.3415397700988,15.479750732686709,200.6793483711753,4.826427206123899,80.36939659615464,38.60206451905369,36.57925533800454,0.35528757561921676,1.7606692788366067,0.7180531168077978,201.94720619231137,0,0.23841367410352393
34.43279615894596,45.187216542556804,38.673395232878846,245.61800449017286,2.03043087157932,131.25259049629705,48.30898925954669,33.71934796018252,2.5060247376632607,6.032136036949848,0.40366302397741993,249.37303002059707,0,0.0
89.99487508784054,170.3673480770213,19.58089478175431,213.12727583999896,2.8101509646969083,110.70318003421096,47.95558890418101,34.67893129254199,2.8058478855997357,0.6645374131972903,0.7859019409254415,214.30722480100502,0,0.0
18.859975544246016,201.62496527186954,20.867263755186023,244.91239118765657,4.960244518739011,116.77723754003617,90.71973831464177,59.30648145202888,3.1578060145829197,4.449808982938872,0.5131950668685078,245.4547156739533,0,0.0
102.40144640774602,180.4704808755098,77.88024815583867,246.95256289506437,4.192198829078695,116.5424234728024,43.160284988803134,6.447990963660937,3.2657565729085336,0.8495031517436931,0.7404335683725193,246.82603261156652,0,0.0
68.29041034805186,72.37190650516254,48.208438760626514,237.65036514038627,0.8674323420327035,117.99317432463656,41.231567806499385,34.54196256127537,1.7963943647179064,8.419364492482732,0.7850666021084702,240.08397420376053,0,0.0
33.403439106179526,20.44960899076873,61.36510510739107,235.01861322657578,1.8437911577086343,119.08579178830661,57.301420827694955,26.915611375000257,0.8233676045031062,11.18032199866442,1.0071651084093625,233.75871718337496,0,0.0
20.520115593026446,210.93089545310062,83.02615002664766,236.25400388006545,3.902438291207496,87.2703563329199,77.4654320258965,46.349199313306826,1.3116964432866927,9.479347563160106,1.5988524563187734,232.590946746692,0,0.0
95.46111018690912,121.38754720471061,116.92298013762165,205.47051071049503,1.7995391434838126,158.70658094085917,45.3024002103914,11.531768413451413,0.8907705028456865,11.648499312750157,1.9954704150053524,201.86047582061553,1,0.44886631929976867
54.99581476412197,133.25475610552195,10.026273814076022,247.57896266383622,4.203796759650748,129.08607752981825,83.06386193236915,51.977255829188934,2.81688173285838,7.276819824589785,1.1498400929394192,249.0978280066018,0,0.0
84.19832961534844,49.851236185076594,46.751377284348465,248.62858159406377,3.580591472843142,109.09094344341561,42.64520110179288,36.614241267579416,1.1682766014517123,9.871574815942843,0.6079389661414148,250.59836669958628,0,0.0
59.15136233525776,16.89291061070185,29.976948028154013,227.82873006354916,1.4321142379334109,78.22954837003354,80.22715819910991,71.9015900955916,2.3385827760455444,6.511573001536231,1.9554301471297606,225.9341159203621,0,0.043668472324886805
120.2698234130295,255.97590447017996,83.10135485735768,201.35118225314503,1.1077868561525386,72.95701792707226,49.89960013575441,46.96903022343322,2.3926704447278153,6.624407593712849,0.3689476159686673,199.0253839803506,1,0.6682471141856184
43.52036299647525,167.26264246891105,118.95597284682067,247.11598223074247,0.5391065250653617,74.18646332665512,88.18186029593983,44.60066617749426,2.6252781594858368,5.371376046861984,2.1201864642983814,246.9557119169099,0,0.0021980946241068706
116.98654838992283,172.84426691074066,77.20827558012606,228.256800955882,2.033757249542993,99.44147963570805,38.1988999940154,23.831338593313724,3.391046343185198,0.7983086581815204,1.6471207580621139,226.36279733390933,0,0.0
99.5006599220073,66.81724702953346,73.87163150094275,202.09727821163645,2.9139144060180153,103.42582878976,45.84881504335555,19.644985821246213,1.412588967160494,10.941522822765403,0.5759421483622854,204.87246281952355,1,0.48306536706310094
86.72800360643987,16.718317040332412,15.64672220035473,223.83839513657534,3.277713614421549,93.18909228268774,70.06772956132102,20.659760327351762,1.3953905017164907,4.517626344998261,0.330216546914735,219.7898715957073,0,0.0
89.62766592518774,140.03148143590573,94.28990220972476,229.46066108386503,4.135272308601522,115.41326745665819,64.27308012329979,35.43347541929726,1.4426021275039072,5.297392783192198,1.333539234016387,229.73751037674418,1,0.21767280471094091
72.56082161685634,6.778935045891647,16.14505677557109,232.0443782080404,1.698513335873059,111.82451616834445,36.24094438440444,67.8933047386544,1.1102927271508412,11.529586472442414,0.48248213345911484,230.3090408165833,0,0.036868050448033186
103.05610384970288,189.00238602483745,59.655525657435284,201.25710073060762,1.07831125714755,139.03473517422105,37.02145448376588,35.08920695843469,2.3684526004369966,6.716842835884316,1.5213290254272551,199.8611047567245,1,0.294745449143795
57.937961618125264,146.43543974654816,81.08628717444458,244.12273319123773,3.761943573280371,152.96325854293391,96.01282073744798,66.95520944336351,3.1516032419393354,5.757182892542902,1.8438636559270407,240.8496061854819,1,0.1410147886783272
53.98991614191681,95.30806425943885,71.11677790592925,221.2556531596668,2.780261604646805,81.99248129133679,90.65150193816955,39.428279655617345,2.0131854347852554,4.677674920128144,0.29192545438678064,220.4727280612632,1,0.25851963913489845
81.01365636234334,237.6602720412839,46.14836015815253,202.3124408676151,1.4081322632816866,81.9299863997867,62.112509256649005,56.47419870015458,2.976592973309641,11.557916657345256,0.7862395173620105,205.80381565863115,1,0.5612683558287015
121.72169511859904,191.6974014934081,21.70477523353719,240.37170443731344,1.4926238089456192,155.53178876472685,87.40949957657651,38.1599034595629,2.014279514848251,3.50136345673518,0.18747391354908205,239.14639352353956,1,0.14934993145418854
111.3927263044578,114.92957650775445,57.73616430008757,235.6456463595053,1.2249204552840163,87.1759954219477,58.58741538249168,15.106812077559946,3.3685997557890914,9.815557178443305,1.2623033177915524,230.74930137830734,0,0.09950872102471109
55.08299802368169,143.61528326593682,131.7405203544531,211.14343915022943,2.2509521713629397,89.2130263375908,57.146894153457026,30.560119689699423,3.2044794171701696,11.260701978360604,1.6096982881174835,209.9817512393525,1,0.438637876335066
21.4702694416576,6.781600960458923,27.37487312304884,225.05461750875685,0.9898317191737002,85.9028953890815,45.79981932899538,1.187435276735167,1.9119319541065287,5.157120338230062,0.4462482295589806,223.5514816453503,0,0.0
69.79012042116179,48.97643196359921,75.43887691342844,238.8709882999891,3.5429522014872603,93.82849835355404,60.53429154788699,37.05901552540191,0.6020479095081662,0.11183616901449778,1.189091209362287,236.83603944040692,0,0.0
93.0770998444805,218.89203219805393,108.34946630199413,221.43522048421076,1.0320195453523764,100.65314603550883,88.74829784010844,39.9259134872718,0.6498518999434584,10.53902390206337,1.739972788522679,217.74127329490597,1,0.6356276818436442
77.31418909325372,123.66606044785108,106.47574244751175,222.5012376007176,4.657050742287636,95.70618083268867,61.699339779893556,10.365939560479411,0.8480634669734144,8.30812108645982,1.0256112186835804,222.64362170299898,1,0.17158447105241098
77.16882652211328,226.17522323080422,72.96440541125502,221.87413637808044,3.7330304338953235,158.62023111459206,68.10443329905948,54.35750374564698,2.075478972622337,8.12124640332572,1.7505752025087633,223.74970481872865,1,0.32173422328497736
89.84503875184156,10.240133048737011,87.39252434521084,204.4542280976348,1.3254333019503715,158.3492707079427,63.78748975968797,73.18632769260768,0.6844532781395241,11.366610591321933,0.9331408791666044,203.55988725444408,1,0.8306384649462837
50.29806876609626,74.43081404990154,25.421168940090162,240.52438671315466,1.2317764117527066,152.1897292939944,89.44959207110242,31.99831716800391,1.6549499728254455,6.354284666462065,2.147283304908449,240.72763165339242,0,0.0
36.273488049420216,187.22616237116583,40.88845090353469,215.01863287386828,3.8037613750948065,97.66511546749788,56.624655050513965,73.63627243123426,1.5639540549423239,4.7361997118342565,0.38470638321334105,215.6752121470177,0,0.09916582236905225
124.13956705708944,111.29081472915058,100.04106009584825,227.9037316474439,3.629851088616121,101.85923250105955,72.76240630386035,30.253268218175265,0.7451224132389334,8.982309726930776,0.9515636502048629,224.78690136157604,1,0.5239915494756702
30.058260988372474,246.424805766521,128.92069189923086,210.89201320459372,3.774543960130542,116.92552021988087,97.29440218975515,68.17359320313416,2.755915555344827,1.7750508098663453,0.8923559346297784,211.24501395949972,1,0.5669539279446097
27.545399854585064,12.221979055224216,43.257030420618065,209.83840428083687,1.4250373036460384,120.58032043439044,67.42165056472658,15.38376746386354,3.4982009590841012,3.7803915534043564,1.7511787457404047,210.30378169804084,0,0.0
127.1062153064668,217.1960105253665,126.55048202427335,232.5379926929176,5.272725703245054,115.52167741497448,83.64926675585902,52.26356054371004,3.1688717540145857,6.963725334738311,0.20683301416707214,232.08469153922212,1,0.6734747611209142
47.58935738720585,257.8193091288457,60.42524743161285,207.8392510750975,1.4834390258909453,100.66522160548656,35.93685348016532,52.16863847153515,0.2641325318696895,3.105888520760875,0.6511360858179971,206.14079632291333,0,0.0362957650404995
48.27306629359218,81.62904914743056,23.304075258021978,218.54996440218736,3.143343453629013,101.72202887068188,86.84401286479905,72.11762012679911,0.5703605432536709,2.883696450617242,0.11302004484762974,217.63447948569672,1,0.2294819274780204
36.15405326806357,139.9759109421983,135.83334834135613,238.54669249250506,5.763056387945931,76.80008433911954,54.05610453496601,23.6917750549457,1.5032698235887523,3.314471095228142,0.844832863895418,238.52310686689782,0,0.0
13.321695118286518,40.68934815542639,83.97926920495607,225.1530960009063,3.869763169052276,103.87146996772668,60.54936378633493,26.225366398027514,3.087272864646718,9.519252492911333,1.2855141595017479,226.989678839248,0,0.0
13.612555363534682,192.31901031084286,10.743219517191902,231.18661940357848,1.2056920720857387,110.3115091263819,83.87168343494145,23.67175329950709,1.318143744705137,5.6183555982102416,1.1477581768494312,233.63245591294083,0,0.0
60.83216959587189,137.4131226534184,34.01427467600777,246.97885162549355,5.409933067410722,118.25306673431436,90.32215796000528,52.26031343963019,1.9455257823500487,10.616976776183298,0.636485141122367,244.60451518231505,1,0.06649254132980682
112.65218993381563,128.3765684371978,84.11873833631591,201.5418348693579,3.4700660049351075,115.90819557041776,94.19196818353662,13.379393114527334,1.926661627215843,0.367686457439274,1.5271030306475624,199.78304024666227,1,0.5034249863442251
21.15681743963739,81.9658017696253,138.42445113133076,200.79439351873907,2.6689756754000102,95.71389914855078,87.47797323267545,16.20719919472304,2.642451278561583,4.855379431934574,1.7208534128247759,199.32792635050632,1,0.3528315545652899
17.08163487727298,39.01551640689437,55.939895600097856,207.0476709507986,5.473202426644383,100.66380409509851,80.95581526442936,21.919344783560337,3.3008271401402824,8.88566580580676,1.742550386843228,207.68767455933315,0,0.09212251928842546
26.940734902893166,88.29747053949565,67.53310385478872,227.4250423353383,1.9216090781199044,127.1710531647339,67.04100790641951,27.964577296527917,0.3845958184349843,8.115943513910592,1.529111865116156,223.8344376601325,0,0.0
114.41487518797602,220.93883446774623,128.7109721040266,206.52969175532888,5.505937916911556,144.90206578766794,45.08266284733976,43.555843070141734,1.829822079843029,10.325566899810994,2.1307842154396,206.864831538493,1,0.6157731601955488
81.9014062980916,44.35730098169536,49.72227720595978,227.191895235818,1.6853549107328343,133.71721663441278,73.82225614856716,20.34213313573798,2.3460074997339597,4.014392387129808,0.214047722739591,228.95515058680425,0,0.08696829290901298
90.60718367245889,98.09188252218689,65.96567643769174,227.29885878781874,5.596914114248419,114.31063964343508,95.63792815732538,68.66936873046461,1.1350147392142604,4.380135977840602,0.5811960964043471,227.90442399814648,1,0.4857148526484147
60.618668361922374,75.8873688007348,112.07242505274033,209.6687021917897,5.3829513408118475,90.34740644034652,92.20246807896942,34.393403786271364,2.6561684186809957,9.23248459835579,1.0987784188061842,206.30835197544718,1,0.5607511955283048
105.2594221802966,86.34819051523144,71.05549110947638,239.8286822580624,3.981525552488246,104.58163379510478,79.12477462255067,74.5617287247375,1.891145576783087,0.1737064575568268,1.2986896377004726,236.95168592931225,1,0.24623399299582743
47.34718884638475,167.75954582614511,10.04113110232598,216.41331090446832,5.551182732370661,113.6599531752262,72.53614280543975,27.19151483937506,2.6594840302537315,9.210803605619581,2.010613641891492,216.72520477662684,0,0.0
110.79682898705668,249.80419177586333,110.7009802040424,218.18837696111473,2.311843896333879,99.47246559187,73.79271044886522,3.3723562059271917,1.947930224607119,9.185488099186237,0.11772528600396703,217.5451302606715,1,0.5108189821995784
68.8798616469586,34.14815722531377,58.4770354122714,245.8629867249556,3.531914009213418,142.646640068422,44.46154747417557,2.777508177266448,0.2630580902066087,7.440761827195335,2.1163543628079746,246.2380840727827,0,0.0
54.9894890037288,224.2366938262649,108.8112314121373,234.13327004810142,4.852619166106419,123.03165142692708,62.49759330726786,25.50009099637289,1.0226603744487464,6.778468903481704,1.8428567595157257,235.0330934564013,0,0.0
51.634109743824546,133.4819402390863,73.86560029155737,211.38902661179935,1.0388208347057992,152.42618295255272,66.18976939545009,5.883255110031991,1.934369169407545,1.0613637007858272,0.15633173417355978,213.9333876558098,0,0.007088433567341127
25.75698191352025,11.23513257868408,122.55209643868415,245.87607308125956,2.3393363321141547,71.20020164797819,95.93177153132902,49.47388553185561,3.4908369609770538,1.0419934929136088,0.5029708037334117,246.17159076812,0,0.054422969476332725
22.10022122373541,165.2074252721218,68.55467393395809,233.66756061109095,5.98314037359377,86.03354011847021,67.77077576253345,30.130000506511905,1.1892668225861045,6.4131215551709495,1.5493702481640423,233.18974921932573,0,0.0
26.830237750734725,36.95194419022221,107.42674370876433,212.50454787054517,1.8879346806493327,89.41258351739751,87.53424113091498,74.23081630675041,2.1516024812055354,7.962408206787668,1.4939045526080055,211.24738660907565,1,0.5097216769528278
62.28734003004786,95.82950553147406,54.84876628045679,214.14222965459876,0.932451548779385,81.67097218558762,52.268440486282344,4.482073907564477,1.540201655535662,10.206691954590681,0.42337052746070913,217.0437027760335,0,0.05027726935542746
77.70218625782857,22.907538684798034,109.41236920489996,227.73082538507006,5.215776970708686,151.44312957905177,75.45369072292706,10.86320649603942,2.6489501771183077,3.618780506209891,1.1551498017284845,223.75661679025492,1,0.17588771846260362
20.929579352143833,136.9343844176084,80.32080882262765,237.13302877329795,5.2858855675595695,141.90486137473897,40.448491193528625,39.25073472774541,3.349473587693401,1.6634896743327334,1.035818748480389,236.21525211348325,0,0.0
108.47580231701703,11.834961060756363,71.76353411495217,210.28762180048065,2.560032986718636,129.49419931557298,43.47607401534286,48.3695777932811,0.7176661251777694,2.406785794508044,1.643433196660487,209.03211028899923,1,0.3143939034844806
95.34206550163954,137.6649074891826,79.35662374274918,198.24238474493256,5.002890729801382,105.11794559978794,78.5223877969166,16.73301887026973,1.1060522329868776,7.616165646773248,1.205369067036768,198.893889921558,1,0.6006205876398149
93.39748064249821,174.429165954563,139.17804604947952,216.1486273054854,2.795887796447153,139.40305362691137,67.67946617311654,74.36510070587661,2.688424308551107,11.346689451715664,1.5229210443253294,213.15237746758524,1,0.7808978059919701
58.35326774190233,119.3195144065804,129.46217655154376,221.28550927831196,5.238770667702977,82.18485513573742,92.75653302048445,67.45087213611095,1.582828798588573,2.5550920410133373,1.2690693758504754,219.3682030154192,1,0.5008968315226533
67.43023278931587,210.82538427396267,114.60846123241306,221.68567653983575,4.1575415314847595,119.99652505456314,71.35292609967422,7.61970932072213,3.1097483537433863,1.0887225495710404,1.4459658022549604,220.82280996274338,0,0.0606531629784715
114.96483901472807,33.721050420946696,118.45654659434506,204.99488898296707,3.8036319139454378,107.1315175345311,84.91911377385483,62.94071609421877,3.3997944656435295,9.092303858781404,0.11747243537329757,202.07382472682053,1,0.820979091197738
79.81731740515616,50.378494578506086,42.11837457800105,207.45975894654282,5.869554234607869,110.25238256704638,97.10041200831218,18.849881259597225,3.398689113110239,2.2503719717265405,1.1166544428369962,204.53172471554552,1,0.25096233348118707
30.319672387953084,15.42348741512632,104.2511582407234,204.53374811369704,5.729635523448484,125.63337324326702,95.56546796950008,23.708511581887883,2.8103773851924494,0.5601198993312857,1.6382775695458174,204.64634615118035,1,0.18415383726405524
48.911744833875694,5.71827636475296,103.59409131149773,229.47160061301523,0.6394516196381456,157.0903200132928,38.072445539265075,56.80886322000979,2.7547269522477618,3.3671427184688905,1.8746538270075461,230.56755870621453,0,0.0
36.8843630121314,193.2515091604084,81.47442389464823,203.34780455372945,2.60624185139225,85.08457129920346,47.51504018701448,41.12211203684275,3.399095114058513,10.303752021295296,0.6337730994839889,206.58336666153232,1,0.29770439277683725
107.41037126320222,75.50675299940413,127.80029148960878,203.12089738550566,0.5988431501176483,114.68248042221379,94.62423894587813,58.26573517753137,1.139016170035806,1.7966297419918686,1.5982734531744704,203.9713287608794,1,0.8297047521146472
124.37153144451503,54.951967800033486,21.717688517604152,204.34262289820072,3.843804230335093,94.72687657305063,64.27800696113555,62.34540265440114,0.3906176410358778,4.142522938616839,1.4159003598998805,203.19572426772024,1,0.4036537014757024
33.1147191517058,255.10137869871613,112.20341306367882,213.7975289438807,5.844614168629074,125.2071211725825,56.16918170788398,74.95820782033229,3.141703295527022,11.440909704513043,1.4834077169845405,211.10004771341937,1,0.4637258633377619
30.349838527614054,163.48028728228473,21.42075636491802,208.86208898853806,2.3542270115531334,136.98849161910437,84.41797277598377,77.06785426509747,1.16399444524737,9.756097916529269,0.13791969052852965,206.08145272330464,1,0.48383041714944863
100.6065179590688,149.0269680280312,116.37718520415063,216.7976899311728,1.7938260709169556,110.9045361066457,49.132153812485925,41.58458804144699,0.9398759382353112,5.221560483282297,0.8994340615216099,218.7619579053117,1,0.4334075780756386
68.38639437940012,207.47051204692846,34.95175407857877,203.28331459448066,5.585985948051939,104.11317004183971,50.01865954897529,79.25675640298184,0.7075255696250153,10.006114141769062,0.5558358154042928,205.67186063788222,1,0.5076522661576869
65.11639577319609,160.99333686355706,91.23841225275433,236.2323349145942,3.623236434214678,75.94242633143533,42.100466238799534,15.419677809441454,1.1841841074233088,2.366339518873327,1.2097440621031954,239.78684830335555,0,0.0
71.15656761841686,203.33115096286286,22.59206286726078,249.38846351723322,5.7556101120194105,152.74485159671673,66.1635231402986,11.47238079502646,1.145274724191698,8.461080372966322,0.5252214056861885,246.9061944744998,0,0.0
102.97560634093973,108.41831594790281,61.4110574074683,222.3615331537991,4.933900357983508,143.66880148683018,51.093670937657684,18.58404566309386,1.581494971065494,10.49635779316616,1.521959958697857,223.23245298543748,1,0.13080357992380462
67.50606989897116,174.66350287265755,13.714969519869314,200.07282472834964,4.114660583012196,96.3548493139291,79.56952543224202,38.66337434404446,2.766357631640379,5.13804751393031,1.7640940536509004,201.99421313457876,0,0.1919920535126987
115.02829494488213,82.91021910241514,25.503899676450292,200.34313887711693,4.403448950239844,126.3060214054997,74.56616935919622,66.53131909810105,2.257995625690161,5.478547260518944,0.8940532994105324,198.23613299993409,1,0.6855849073888302
53.12575472195413,88.54916045369696,19.43538317963775,232.35821431470623,3.2152315346057136,122.38439159430865,91.59551563870939,71.73970364333246,3.0299228167156644,9.615898303602732,0.12430452392755865,234.24336350480715,1,0.19972566715590773
61.641093476298856,89.38702493360798,87.35186781852225,225.29664088926322,3.9518050953191963,109.58543891694164,96.09148190886205,67.53849575697639,1.752769633512246,4.348190668882637,1.0267814417128607,222.47608186142858,1,0.35307188211823604
35.665590350597476,63.72580331970179,136.2906836138261,214.20653564901872,5.343538483754278,119.91813828222784,44.57396763237122,43.67429420638231,3.297487155237691,5.432393842684508,1.0278831952642602,217.06863813686627,1,0.20699775336113221
23.6627114419337,45.88550455953249,39.16701697210409,209.86026441250613,0.5302408116137493,158.0300969622051,69.84110371219504,22.324330576773335,1.8016382794866135,7.287669381530808,1.6518223098274634,209.50142272199034,0,0.0
124.04949846544065,78.43224687110745,101.43518764792965,203.3751576726148,0.5315293322291019,73.06291112989658,47.00836682029982,59.257812733769384,2.480346169272502,5.785185062552008,0.8639614254466214,205.57819880496015,1,0.7074590510019994
98.16445131005364,236.63176070706479,103.73684082104505,214.53981189414952,4.220124091266076,91.73522727846733,89.46901510484733,4.160700484197362,1.9054683383700288,2.7918712563563477,2.086153787375888,215.53307412184537,1,0.2550806434339515
100.39121427690043,16.14606789361435,23.910241750008566,235.31860172107633,5.954851467055628,151.38301646103514,98.84961726126298,14.541853827342912,3.4540602327945122,1.578956146108344,1.7532280880406301,234.22147048302574,0,0.0
23.37750980708464,54.862017821522606,39.34378337334191,204.89933740338108,4.760109203645141,120.71023353685668,76.81185997452044,40.429298030937574,2.1006611597097042,8.791923143798165,2.1369198227636317,206.77878983232486,0,0.03348812456181004
28.05497873964699,42.432418448998774,87.77894050812294,204.45805034203582,2.2557547169749372,93.17457694619883,64.74525637616132,64.70057874836512,0.6077693683293681,4.710637340826529,1.9525612756247526,202.6289582653227,1,0.2852023356615311
101.42218825458822,146.51530555973443,113.50486381350258,227.39588145635668,2.818473975227739,132.50892933628793,79.2687279367822,73.65824074332966,3.0454405842369963,5.911731930399025,0.7389495978233656,227.08490153625388,1,0.615834436168975
126.02149938556539,48.103945603389526,37.41906073313893,216.19567391606446,3.27773491448617,154.99441613430307,39.75748192778603,32.792598768558896,2.776955880256269,1.8505761848293125,0.9381738173279177,214.62228291290975,0,0.10588313746590108
74.90861523462463,146.09308745066392,69.73172996351386,199.4799239580065,0.6027967409966841,135.40058708750632,51.672047338472424,7.639446631634144,1.5248795445553196,9.952285616398548,1.972483131340762,200.18808045441395,1,0.2669476886704149
13.847294151814381,137.61740035493708,94.70777483266298,199.64120720667688,1.7356823998469144,112.5392916906307,38.883274223014205,53.241506475782785,3.024669705035335,2.946936596207663,1.474450884159029,197.56349215987845,0,0.061807910108015535
83.7157782411758,181.95383151616042,102.3402406073169,246.7108473210671,2.066081372490283,116.57354581291591,59.19959257603803,12.431093262772768,0.2575267068829965,5.304022563823482,1.0415222377905655,245.69923389680764,0,0.0
70.34443609894838,240.92017405613203,61.611063568206006,212.5373413858906,2.987579057616787,102.66865003569401,77.71727418636762,12.607438253929004,0.7004973168839328,10.033531799533801,2.1961737004598203,212.07145259150755,1,0.2296786578801633
62.85173978784351,16.4662737439713,99.9428875407925,230.58510424790353,5.450423255710316,102.63387918997569,87.54008125698104,44.32382351788465,3.1573798108842785,5.764834604196956,1.5945690246575297,229.14031731254266,1,0.24218873454762105
114.94693115895079,115.07641494649043,37.1818760876131,214.31105991704598,4.41273703792284,95.57175665976096,63.01266256334992,26.869787154830842,0.5510861427279352,0.17598585951464996,0.21867453138667195,216.81850980701913,1,0.14521941701121208
48.28411596871377,198.46509433943268,68.5535557147513,249.88545755212385,5.758178796712082,148.58415985150674,71.29536695255979,53.389939367196426,2.906300928747298,0.7360168494846691,1.2649294210097377,248.7622800796102,0,0.0
85.16316064489278,157.16611570681522,89.09070654217632,237.0352288825518,3.2045757430030073,98.98596154559621,38.299894101199456,74.82952027150169,3.0491093887354244,5.123106152193856,1.9464576161869718,234.9888834380595,0,0.04814478510138937
56.6016474516064,229.9646881331526,99.55093743523707,208.92868964635164,4.970689787060852,94.88735710913951,47.66863181932111,65.76242808742177,1.150298108436079,7.250142782833393,0.8727528643404989,205.11484095494515,1,0.4909671301185318
19.028807201101007,192.58199008860163,30.945550918231824,209.49818259513626,4.795957658522504,123.7296667037337,72.9669907109257,55.238450184829304,2.8803465090985267,11.575623551697996,0.8334120868382124,209.36108614475984,1,0.22572270500301234
83.20505558320113,215.7401834368547,27.88438905880816,223.37273799562627,2.5547222395085427,92.92528237425307,37.68944496568608,47.4036712881134,0.8657865788087027,8.13670169279092,1.5201238791465603,223.76640462092357,0,0.0
41.89366501400236,160.65551117024418,117.33629614965147,201.4298083023786,4.7563084312021395,128.70021779793274,88.53120182171192,28.51514857116399,2.350704755247215,9.830549133881762,1.4238069309562884,201.01434749398402,1,0.6100795237104248
99.61487281290552,120.05908154213165,21.588360931596988,215.00619715592316,5.587390396170867,95.49759897831018,98.70599240843907,56.733978775175295,0.8063029295176092,5.56227903717361,1.1989376986619165,218.8099418856395,1,0.47836556288007337
81.21908487572921,188.40614897202897,32.75059772914132,249.53546846371046,1.8842574878227645,93.95985082872303,61.308791954646736,15.734008284967667,2.192066477816684,7.33722854906703,1.807297238655078,246.46163903575086,0,0.0
67.34147766244459,91.9419670672904,87.26097313636052,213.30671726851568,1.418828103857723,99.64514538194484,59.381249916175776,79.31863812974274,0.70778687155917,5.329617766944118,0.8694573613621311,215.71466891368078,1,0.4357323051129394
73.40602358247975,57.063042526290985,54.998686023686034,246.9828706706795,5.044342061868978,81.52317883137924,47.657004303663,5.843969560093045,0.984505604766176,9.36475071744709,1.7361465350924195,246.10583206888498,0,0.0
36.81492673987294,232.0216596159631,106.902177720217,244.13576504697622,2.8901231062249244,99.94634469161221,70.80484770967256,15.237761579165294,0.9973646674965158,4.7816754321268045,0.9648294966909576,244.74545562004846,0,0.0
32.73562278374694,14.08032110675033,121.51825131058064,235.4321375431535,5.54557119224619,73.85930762625719,86.71230509822813,66.70092645044667,1.6946444580063567,6.175619278036358,1.711665124455372,237.75567374273706,1,0.29182563260175604
127.9803348455332,30.88900602815094,16.118142339267326,215.4236613280904,2.8213225742530876,118.71134798292593,39.63001982798615,0.8032516131526712,3.458202051243625,4.820066481030199,2.0674706229907462,213.11580745563907,0,0.0
54.693322998247496,118.15675483835406,61.50905608564229,242.33299648097844,2.872833410630775,128.34485022474757,61.42845561161873,77.86711044468369,3.1662912012472413,4.2018460458788915,0.11432990260868987,245.18370856457207,0,0.022899197699387166
91.37230152938895,50.95782349573379,35.60495513830425,221.01291870121497,2.240679372685995,85.00554723404791,47.835393886549184,63.182151926431686,1.5584235749002813,0.7033695883358062,1.289406796787076,220.46641776228893,0,0.0
71.00308646428363,94.29438383536448,76.35820236076283,225.75966588960827,0.5131681708741263,112.22863888049541,76.17632636339724,4.496411714082891,2.436912690970601,9.10333716442031,1.8066329894546056,220.8836023115271,0,0.061459869962834535
124.03486622249692,160.97234182011414,120.98099666917805,246.11147819121734,5.295500723272637,98.0405743175741,51.52024385718103,60.57462492802095,2.971250035728565,0.8910388730687204,1.0597159458335996,246.1771503711745,1,0.21050252402129158
18.79833431583971,41.32378745284098,122.5569531814666,230.89856542510637,2.816460974482154,95.13545271918363,59.629906820390765,42.41086305750252,1.6063619217249079,9.430512281014595,1.602812246457448,231.07217692258695,0,0.11034413647234358
89.67364030521537,90.10682760360973,51.48984041341092,226.74391326847132,5.058642487045169,79.56010912853813,78.43507965656852,7.12354705661725,1.4157067934409886,7.4710551947922035,0.427018347149428,229.87608685912866,1,0.15425900546738122
75.615044840883,90.72791687162085,72.02517760696591,226.3632923871047,3.1841972356658057,106.93718261217681,77.64845493858542,49.10788655317583,3.1201136259941653,9.637159290969873,1.5868414380725482,223.09517360324443,1,0.2848208653510834
62.28327763238045,119.29183483697825,41.52698651036435,248.78293042020658,4.739105055591956,152.79556308262073,45.20639598695552,41.27186400962089,0.651517054650731,8.093585045257052,0.9684538839550797,246.9943701294128,0,0.0
105.37336763309217,245.95284373878044,45.49328114739457,219.07593159500485,5.2305257225370605,98.41813572190189,55.34183528590272,0.27129602905566763,2.6058338831146797,6.797863686571354,1.3067690116391943,220.02865188915814,0,0.014608624435878593
66.49943702166654,201.95720199392653,21.71227281731643,232.18224187420878,0.7105171717471508,106.10544587240865,74.67058713645197,35.46688151668823,1.2127420650686858,5.62864696810842,0.6112412084254116,228.867355404581,0,0.0
30.454426851560736,235.5761581095561,46.91130962297153,204.94750064983876,3.041333435628199,143.33406428050847,48.829933736938756,53.448943919764716,2.9932823921011606,1.9465003560801262,1.779496991567546,203.93177513817153,0,0.0
67.53915110900823,143.52373346202077,104.37674086138007,217.09788406757292,4.033654403732619,128.06308419144543,86.57188449036919,50.64714951688792,2.612826320589169,2.065357214737462,2.157838110372776,219.04032624450505,1,0.3799853964914368
122.28759882607594,79.75054597514519,43.77833953503982,223.87424865756324,2.303972731498244,91.4936457958364,47.48761556075292,25.040588345682735,0.7524081641603415,10.675565339516673,1.019846527274094,223.2703289795641,1,0.21506141801050735
34.52587581535458,211.0902223113329,127.16064570753578,231.1366618590153,1.930372957456096,90.40517772103932,54.580086863776756,7.29001391222428,1.495901722371089,2.4289994024506996,1.3758381511279172,229.28125062399104,0,0.0
72.87298512919105,116.01539518643929,92.08470234326448,209.67376399802666,4.624460646509455,108.68644929231407,42.92694729670492,49.066867338811875,1.1083256933831462,10.806562946869029,0.6835716347497663,210.33085334582128,1,0.4376075161926657
33.28262400107768,201.2834773618205,52.84671059231534,247.41745211736094,4.8763677174259605,106.99757079752712,51.9449566265814,61.53252996087983,1.9522382429554481,9.745943267600687,1.4843640655389014,247.27022750361607,0,0.0
80.08887148702787,175.8765106549551,75.99145623971641,236.9755617694114,1.3587542148770655,139.75256964645033,80.80784435142792,52.32368281867248,2.7997325943948845,11.491614954627034,1.8191007581862482,234.86032890939777,1,0.25332250221698166
47.185082898994125,223.10404522694625,138.66723479771343,242.98344156608732,1.687404112118693,91.94521930474474,85.44950301716287,49.51711059854328,0.8603360451679458,0.6775070288001999,1.247793443571995,243.7808107590431,1,0.11527092553546736
66.67790212657161,134.79836809671662,16.55333073529839,227.64234888004097,3.9004812180536748,99.59351552655305,55.55398832722298,0.889450298149228,0.6285324548204871,4.781171004228906,1.0197791824801599,227.69887210537857,0,0.0
107.8879631523349,241.32436333932785,86.32826332626293,224.16430991925907,2.502561477287259,117.69931802105361,57.08042821738225,17.86855381660053,0.5834591642848876,4.840523358594096,0.4744955964878447,223.00592979798233,1,0.2130990240072448
79.28620505999729,208.3867772908332,131.78892203412659,204.17400536493338,4.17794084792221,106.28547173308456,81.39143635904085,48.774838301142715,0.6877126069436992,5.212382889670794,0.42147391111929966,204.70704158144994,1,0.7057991714451426
121.81307644385838,99.6444684227208,14.0374029585913,204.55081526109228,5.5800167611681255,123.43418597733879,37.464233863818805,37.22661160125604,1.3634156942171078,9.28565770994693,1.6599975018446245,203.723118537241,1,0.2757069275056244
17.618271407860107,54.39998920445206,31.626511916524155,249.49552388567213,2.657789598739007,124.90256731420003,41.14205260107721,5.63869726736824,1.6255099416758534,1.5954554041770224,0.23513299805459173,249.7121450492373,0,0.0
34.2994635759236,131.201366542596,78.07556563728721,228.31198607416366,3.7307196480768052,109.4159452060523,83.57222565627703,57.736683405093984,1.7382740230889318,11.781426871871362,1.520566201318385,225.19257087707177,1,0.2417674955477514
28.59822239476634,153.43287702995508,91.79803546848603,240.66686256782455,0.8326175387270527,73.3404100609714,37.93582807111038,25.922666797965377,1.8787785152295673,9.778772268975958,1.6105373121011866,240.1519303531426,0,0.0
109.61987984862468,200.24067963005024,78.24118498385143,241.4902910131892,3.388733553485317,152.07415999987336,94.64436301765329,32.84457337273605,1.7581491842252468,2.798944964567941,0.868874237092686,239.3790036782668,1,0.20350757181296092
23.46471916496335,137.74223644207686,95.78042888980691,202.96162113728002,1.3996978499632327,107.97604838131417,58.748092128230454,39.1928608155986,2.465743413893562,3.4139838258453614,1.419973158985021,203.45850782362072,0,0.13218065337261667
23.29716496797898,100.5875464302825,15.933429516934297,212.37767069989715,5.138904122907359,141.40165790676133,80.0396693689577,45.288522101226135,1.1348985685047281,2.1926637434855336,0.43900247220850974,211.68795584902557,0,0.0
89.13340134599113,164.5379024891091,105.2025133243434,249.18631614789268,4.842989356133496,111.51304839782408,74.7497245702936,15.816031901621432,0.6365778065633383,4.301847577929489,0.6157842951019068,251.14193442312973,0,0.0
121.48513722567802,198.64532547504723,63.28799670562138,224.79111758140132,4.517465618922236,121.84162288715851,84.24774170094506,0.8406293527057862,1.2539630851024,1.2380814347424982,2.0440858915182885,224.7911782589433,0,0.075883216875586
30.351269167387315,122.25762747684314,41.09869694617133,212.53144645601452,5.436968587436056,113.42185454369194,66.1251506580014,48.078726750904025,1.8086556720159817,9.389074272829424,1.3521113408618257,211.69330139249215,0,0.0
109.75206063087413,122.03327398008254,25.370854043820337,249.66223274786893,2.0667413703249045,118.95266015339453,94.76755179335935,64.16712602357794,0.4761315571739702,4.135346327137098,0.6264838224969598,249.67272049624967,1,0.10199306123794799
68.7776371643508,199.21758184257106,65.900155904593,244.36655913423994,5.660426156521843,159.86632457387827,93.884396245196,10.372137812146862,1.2968929907887852,9.276005515426837,0.47596764010401815,245.48703359657245,0,0.07448192622905184
103.45731483502176,120.08092068251773,20.029358357192805,238.45532074006235,2.8739179655922724,90.31735095129164,35.37250856677505,41.69768815599297,2.0489695140924367,6.290180437106531,0.8623268885958866,238.50147074654143,0,0.0
34.44764857406734,204.10253373783868,102.55501332399223,213.2203679253128,0.8256831830601568,134.66182305555498,61.55175586461855,52.036784388813935,2.161488442715441,7.865258916192502,0.4301121956742917,214.22797834879736,1,0.3384521079391707
32.928465596409964,98.51764539266154,117.30349939229127,233.53803703798667,1.478815399997833,99.43511446524519,63.151985318059154,25.682807258137615,1.8914388148218941,9.858956772325202,0.8688552530713736,230.3633760605915,0,0.12094777904734819
113.26432794288158,234.9342664013131,29.430553142909314,225.25208432854618,0.5907691355901485,99.4242888433448,42.591678198222446,42.248431475364676,1.7639065857869278,1.5041516734893023,1.9068878665769649,224.61109247342742,0,0.0
106.05074610771419,34.73482231460649,73.31986476427888,220.12780557643114,1.093726462019403,159.39802626440465,46.340127910121964,10.54056865453549,0.4385521093880358,3.955186553859142,0.3806667372895036,217.77046215150165,0,0.04300840977483865
49.40134150957455,97.3122650849801,135.36880920130375,217.44534231947952,2.603989640726964,149.8702851915728,93.41676842289037,59.26149732828935,1.4232090479095787,7.635428400261188,1.6371091178304533,220.83984492546614,1,0.6424595192400796
113.32162751861307,240.34617880391616,125.43663585431734,207.5469549646379,2.2879677078668688,155.23848258362347,82.18556632072003,42.595391653382435,1.6366532713598607,1.815506155773838,1.062253076414308,208.69692811758023,1,0.6822292395626256
13.232730620608377,65.87152669036978,31.15646225296224,215.49041191139787,3.4292387058549343,121.15291927620872,73.39964067441562,54.458841676717284,1.417682053818919,1.2889318418424653,0.971179194075203,215.93217343629385,0,0.0
14.083663114401066,57.12854189716841,11.634415638443473,240.63318935751533,4.317674108953726,138.01741292884495,91.94622760679039,47.319737631212774,2.3181679229131573,6.351060791296589,0.17382071175747676,237.96836049039564,0,0.0
61.197687988598226,6.06115725294868,38.296124110539665,218.31665785389674,1.318372119046415,126.33904907345826,54.57746874507434,67.00403311617762,0.8036664318421587,8.378539299462483,0.9262614811284553,222.7251916963945,1,0.23018895330589578
66.40704152833663,134.71604557951505,73.56183814325313,207.99520766554843,5.050097884633811,109.20633669481222,76.69437415396202,46.5375690938145,1.309689651196718,2.177947679867463,0.847707220695127,208.1402107490556,1,0.3771960142397055
28.69557370166913,241.83548084705265,133.10258328565578,244.43645356506497,3.2480134540896306,101.61310734594565,90.49708504643505,9.829180508173216,1.2903978512981915,9.115155986910354,1.3396010990173672,242.45388874070156,0,0.027551622269609576
94.42956111950221,56.97586158603047,41.49997711125209,231.51272023976048,4.64311299320548,131.88881680557694,83.97217720673967,18.902285966087042,3.246391023347968,1.2528103351608877,1.0555880076857553,232.17992757333263,0,0.0
74.7222873895797,207.47850530043243,83.74216496825645,220.81956735500214,2.624216998481611,154.49203085282662,66.91698985313654,19.5157055694723,0.5201633414905196,6.751087326259924,0.4193844530809058,218.90864288445655,1,0.24530568363053695
38.28005271507027,64.60198771834406,46.1588307551519,213.89538247614647,4.447383477504932,126.2201484700496,85.09543531498232,65.4489801301248,3.009466696923362,2.590764694572176,1.1789308544362314,212.40126331647755,1,0.14630244526291106
23.6776173311323,109.37189955624959,88.52614617306435,230.91870343402786,0.8486066720925649,149.77217683555426,91.38004402974187,4.942199079645766,0.7243021457255179,5.891667563253266,2.0811336758345154,233.94830930091376,0,0.0
80.22327537006565,255.53618550743678,135.13074897833602,200.03985465698133,1.9295245257150644,105.84124568755212,46.41779080892469,69.7753735556313,0.8743693949625202,2.813897352377524,0.8318640252945395,203.06864921453146,1,0.618278485057101
97.1805340500061,210.25287569538102,32.78875934064645,211.55429902089665,1.4513824833007698,156.28569050123153,93.51704874138379,30.894130764327777,0.40421936854613283,6.137173562228866,1.1114301588635882,214.0480324488449,1,0.42734341538746545
81.1422414720663,208.50317379632617,10.219912291273223,227.25335278722395,1.0368663884694551,96.6745884912019,90.79455014827471,14.551775953892365,0.8174804916687683,3.9380459202568763,1.9898839576119642,225.39875221904015,0,0.0
119.7743680980119,68.89834552886381,96.21629883417161,204.19344453969586,4.154924038674927,109.97978573387923,44.06831434965895,75.456753446505,3.2987586389272314,0.0762521896809818,2.19928106859426,204.41815219414804,1,0.5235399601147933
71.27976808556633,199.891021424822,70.38841794665015,218.67428263502308,3.9784736353732697,139.97332000168382,61.14439202375507,47.61096656788528,1.8550629834861252,4.214535342146846,2.0368401886516367,219.74306477171342,0,0.0733229660681115
109.96983381163139,193.59687981038698,57.85869911554198,225.42311436392683,1.5704202685286415,74.19359144336387,70.24811684898253,11.247949913538235,2.5495447271845424,11.763729438952957,0.7067348841391164,227.16196779442072,1,0.3466654010996101
90.19443499134267,21.491977224829665,115.19249907473113,225.05908628159483,5.832566317154317,124.58403221259256,43.323724575777675,12.497445121005049,0.9453194152531321,7.574949610440186,1.9986323796811565,228.2491633161151,0,0.1380397176022924
65.73905650421219,182.77661053670158,61.38550608329671,248.00331143584197,1.086603396929887,158.0946218255139,80.65065694676207,30.104611125307628,2.1531976994425155,2.6747504897418,0.6474784778664727,249.88823652704812,0,0.0
71.59692705061079,38.92005024386255,26.397505483022062,199.65307638776673,5.5550228263877575,112.59996187967724,54.42008641663914,34.60829742548852,3.1008428303198223,4.720653629268895,0.4829178504241055,198.4719077095008,0,0.1766618497252591
39.6744798715536,207.4825208160486,45.9074741002489,200.05050437110015,5.112874351087063,123.77577958767252,94.26654688443605,15.057980505908475,2.570420467746087,8.352564865264664,1.3867525026631782,198.20888547099435,1,0.23151953351584414
105.19203404996469,19.700194973451573,38.074764456241255,232.97412596733545,4.86487625463856,138.89190341857994,77.69666134182631,36.78718291314417,2.3487756718749795,2.8451005248969783,1.5653237096961143,230.61975949449305,0,0.04872478481805746
13.98303698810713,189.77664513851525,66.4295478415494,247.25223305433616,4.862052176363951,104.17263787721916,35.801586189292934,10.205384041416616,2.6351611025431216,0.08707096111609092,2.0215142142598013,247.45644875935008,0,0.0
70.54140544915725,95.89890127247774,132.68347746555926,218.0047357806574,1.4543756462961657,113.97466819514705,36.8478081346784,66.40346716425161,3.3699085198715557,11.152360849925373,0.7990423530882178,217.75024027137883,1,0.5380362240324932
53.91587885932664,198.811000684465,101.92517908854111,233.70615156244787,5.60613815030554,76.19336391235895,47.46600313960294,55.870760107326504,1.72086090838645,0.40594379322253893,2.1478380950625375,231.74326128680445,0,0.0
59.38007030765152,224.92716497267,99.57451411267428,216.59902923008218,4.501871842378544,139.70536238834677,66.0675191831211,63.166637204893384,1.7002591304019288,8.9471699894282,0.8311458693327716,217.34050932457467,1,0.5280348950043965
97.77988288277425,185.5726372259556,66.57975592071256,202.92582369788641,0.6449868035587494,137.13000676636335,77.89633425813811,18.586858625627052,1.0505652484324763,8.242955451382084,2.075642569003052,206.19803614409088,1,0.4387181589522159
110.2629651064906,256.77287974701494,46.17421106386066,240.171835284793,0.587972577377992,134.734916676054,50.93461396872897,70.82461711965215,0.5209793528525182,4.698750706443989,0.5814716042891223,240.79272707137812,1,0.05749032025540622
74.09099582013272,23.742822864851124,10.88015222180736,243.69984496476866,1.745500257943113,84.1582012330398,86.96572340195576,7.767732139765009,0.6182588488056027,4.19184943609756,1.5370837308642347,245.71767515953758,0,0.0
92.9735277987636,32.35532507268739,87.6181852435016,223.74661652853544,1.2139058752068599,116.74096006195975,60.49020901293834,75.50428865326121,1.540640936134774,9.315854544830636,1.9947843286753388,219.90749024561066,1,0.4827683509682843
82.32423320593762,97.64425139863934,17.660052924437935,204.32586411050943,2.3483433164781244,101.57252360020573,70.10029420231672,31.084052156594026,2.6201962549932367,3.325687238084691,0.6162892533736668,204.65436331163383,0,0.1975318745744933
94.5837624613478,218.02718425628348,52.94687051182242,202.8717791311352,2.4131369487331256,121.63827630975261,96.21775896475512,47.489531516106005,2.8019691622862615,7.559251909702912,1.375652768176955,201.9368086835198,1,0.7274337060881522
69.63361388009815,176.26783612482794,13.997378617340875,212.89175351469817,5.910044980974056,120.99381598109055,39.833300509936585,77.23964651990786,2.6286109590229634,7.395201286232936,0.6746496239789793,212.31049380227572,0,0.23661758896302693
123.05642817477082,108.27208554428597,73.87333874562265,207.45990848974768,1.8209527283092322,77.96676774965749,45.596517187235946,33.73749687268703,2.229932914134896,7.360390254999193,1.2294982008843387,206.0544469517921,1,0.4580983956569312
97.90504385904427,63.30539009777577,124.52259476310338,205.2382451704005,0.5900233980800116,116.62774223068186,76.27714256761,0.859420627495675,3.0553140985893528,0.9664164388635053,2.152951209653496,205.40572151029622,1,0.3901441656976235
41.146880092345874,200.924202638512,26.66467024407438,243.70686819074993,3.2280496044122304,127.56312798760607,86.09801095398058,52.31099413973065,1.5595061978056304,11.8917600722117,1.9651338852511664,246.9227933143972,0,0.0
92.19834546685277,35.7234470332328,101.96985296589231,223.21476497267125,1.9578144340408934,78.38968945774984,98.90728001572454,73.54157714468633,0.7936794138014271,11.238680566796427,1.3582898062807611,222.97690270441424,1,0.7257556921629015
35.31355988823016,78.99594038832898,105.2559804560036,200.4166705323413,1.6238537065208922,77.54123939828591,71.7114758252386,36.54212780449079,3.0696631624595287,9.785484855829967,1.456693652621368,201.58489935691824,1,0.47654686724007717
74.51239953814752,92.73624500664391,70.17298178796032,248.39223521972565,4.14500159001506,101.75197977911156,57.1173191652497,32.49429072222334,0.34644752203105356,1.2378257286206416,1.7134874992013411,246.41968286109332,0,0.0
90.60555107226203,78.61932848674398,32.76245500165474,240.25219511732394,5.054328583038826,142.3329238825095,72.8074882929764,18.432333811216324,0.617321801319846,2.900494932522337,2.067218118568296,241.83829014755418,0,0.0
57.32572543644585,10.954340358724977,39.251743362242166,201.58320880201111,5.960268586440668,135.39236184481226,67.57815772517685,69.9355744109257,2.5045617931292066,4.151282775575405,1.6979069691267712,198.70669066087186,1,0.3027671932661058
54.27428427925592,37.04518384225732,90.35980686563016,213.39180962329576,4.671636969754199,148.36973731454634,90.61909499598525,48.01744319129548,3.4972455580988924,10.330505906984763,1.912280093759764,211.81549153272016,1,0.4790399417190057
122.44702514274614,209.0708740982079,106.44249964600948,205.99775005936138,0.7700250623491087,133.8738427566455,84.06750015093117,27.08042513631807,1.3247711502463135,11.203124751309073,0.6055028252190696,205.68618834779144,1,0.7364080643451462
101.6885473443217,194.78732754658253,67.92310496648349,205.3087053976616,0.5702654595321661,73.25045401217042,51.27158110914462,47.27205438132089,2.741010611695327,10.940350816971959,0.40530250196553264,204.75135553428777,1,0.6508837368711035
68.65879174353557,209.07788311610446,49.77251467171248,207.3004165395586,3.0657134627166562,77.72448982214583,67.50274028034138,2.0963181427051136,1.6716434298504412,9.203289962875694,0.5813504315443703,209.65020125846158,0,0.19277983629309242
40.434071422789884,239.14677832071413,132.80449398392898,199.6590987404403,1.2513000195428028,110.27153537456417,88.4300710243933,63.517706460745146,1.4472429310688544,1.7597583906309717,1.8956609901595263,200.42849968394876,1,0.6068565788759851
22.914336756985847,106.2762063842639,86.21225980200208,249.1509659773629,3.3161943324378,109.79080639478886,40.340484501732696,25.644108002125563,1.1926253372456312,6.808299521559235,1.5622881542890819,244.702582735029,0,0.0
82.0975705039241,184.9495322240155,87.54287512640627,231.55842109201618,2.1713451023932344,116.29108858048922,87.40909827644114,21.128299370896837,2.551809298646438,10.623853903795634,0.2740619817859684,231.1356378975223,1,0.3821654460068192
94.84701605845753,12.072333553937444,34.807282280419074,246.48788998644403,3.5392255697265735,103.48118434222354,99.45070837423151,63.982058493298325,1.455363581480458,10.985571689254193,0.9991177639180927,246.7401489817512,1,0.3869788552711157
106.22894307621132,109.53129244674366,108.752817796206,241.82196987184204,5.412924500074584,123.88171691940447,85.58936828101614,48.72290550063099,2.009974974554095,4.8465333802464485,2.016827049035489,241.85904836890919,1,0.31599351554711125
34.88831277659621,190.1197992861816,83.92498370538024,206.78500632682267,0.6975041987083,113.83460420610916,46.29565701832537,1.7480433720394917,3.2912135961596856,0.6917105744333787,1.3715262234318957,206.7229745614595,0,0.0
33.63879351823485,125.80162657257979,41.93933140722933,202.105916630887,3.4256796987563343,106.16643426427962,93.69049580577149,0.8206778731591768,1.6815645376569184,0.589012995343098,1.875602502107971,203.15497488118868,0,0.0
69.55156138968849,204.15238686428705,103.60045247917763,209.39351843268824,3.9214736450888448,121.86087500472252,75.87191217900215,61.349425637897085,1.4326860694277983,7.667759657897591,1.9529760969418608,208.17965315446034,1,0.5799943823810076
88.952376367874,153.24427864333146,111.51168443005014,226.50579218365812,1.7090320542500246,100.07918627167675,47.578620836507476,47.33219098293361,2.992089438676798,9.777863782547707,0.7068037912601086,226.34350625357837,1,0.41914630034860256
96.82233762722743,196.1212563651418,65.99203582508366,201.84975193663442,5.586391198100373,112.21310658891889,43.378216109377185,49.371202461091045,2.549387914352153,2.5299971907714474,0.9414300030730219,205.3089350929306,1,0.2910389757244846
90.43556370565632,206.94697017713742,110.69683913448605,226.11232008905634,3.122222169634984,124.84568032461856,65.3413639070733,21.642998680930205,2.2330419395786874,2.2136055258170333,1.8510668169250426,224.81777094908097,0,0.08873271689977448
108.789485155023,127.0415126091506,49.08863135116417,208.405466270344,1.5386672114973894,125.23158325486256,80.25699248610576,79.65930714596112,1.8021686832646706,5.912465430559738,1.1155807801493605,210.21812772258494,1,0.7107831364156512
25.318804848622086,123.09033282853181,74.26855255798186,246.11059563526564,4.008393462033164,123.71719815511963,55.47021643124265,41.68116248044559,2.799720138955138,7.94181922074595,0.47318345280265284,243.97303464186595,0,0.0
59.31889185407132,88.07895278433674,123.51306371122806,231.78437302630914,1.9803571738176267,79.66496988815548,82.70384407570768,65.75561227039395,0.4827294294567429,0.9016103421233663,2.191188816333943,230.90250136393794,1,0.16358892336326242
76.06852180149548,185.24516465793886,81.8227221813364,234.21146407627643,2.835195877292896,75.20459092996789,47.60897862107641,10.309321055785006,3.342474715775337,6.568580934585054,0.8089726734286505,233.13287226807063,0,0.0
80.97010422221936,134.77827903947946,64.77181042177062,243.3562084144428,4.3931587974690745,121.25312323311093,43.3636337218183,34.35875580491154,0.6394620267072326,7.641984467686245,2.118856715029523,240.89992187161772,0,0.0
105.25973423137494,76.65761457842687,86.17174986328868,227.03148250270215,3.167526813833598,90.22220225770911,89.60494986955575,53.47992561400906,1.7927041899711145,5.192666117348439,1.5606247695756155,231.74640067017836,1,0.5116302702214873
12.47727485299976,247.1002247461277,114.4048354495479,227.44799414885375,5.051589320191717,106.82817669033336,75.1236620396155,12.341905236794783,2.114354639782498,4.46878177635862,0.8532888349591928,229.41130901152266,0,0.0
79.62770823889753,220.70170548026144,125.29048961389188,239.0991129549265,2.286171607130632,107.7493997053781,52.24787503010039,14.002363342709527,2.4283832543225827,8.665910482057074,0.7498395558122484,236.9323932496829,1,0.11249419303833563
56.894315726818,195.89161862603183,107.79360768868275,226.478802091261,5.753045603924717,111.63586138223067,78.48666463915873,11.617030383138562,0.780231985435371,4.547603874222153,1.4458991161266672,224.25149506190482,0,0.04427099718881179
28.858040323253803,151.21469536680564,44.475720828618144,234.82527581143927,1.5087951454336477,102.24227798094192,81.58410845803792,66.09142010810926,1.1066293072088065,6.62126442331288,0.16392333702828005,234.6461970271844,0,0.009067594148537306
38.74233031824939,221.6188257068845,56.76216493107384,202.35038266033922,2.1515627264507975,150.29352402406403,66.63265370375024,5.4680746494341115,0.545449151531435,9.830398851445745,1.2917770194074483,206.62355378574307,0,0.14091863476948768
78.32127322998416,178.97023367406956,104.69028808493876,232.54459122732098,2.860527397662093,158.12747080294997,93.31513238805042,36.47009118525212,2.853175186826178,9.46645834465576,0.8982427086229674,229.30422762229864,1,0.4336155510261145
46.110318506771286,160.01431110123184,15.460939376547717,246.9937685660136,3.685822212667123,105.26724339123861,93.5873070171636,59.00069403290179,2.2720348844416165,4.031143450008148,0.9976844606162381,249.4575906182359,0,0.0
25.1725705962823,253.41123880709475,69.08431765162598,235.36818827092884,1.1843732293180773,110.84929356189166,50.59088913036321,49.50453073824498,1.067392198744067,6.464013089079449,1.1218129772589218,232.97661734578682,0,0.0
14.477408794974306,85.0176760297016,124.14979908998843,236.0859506351742,4.194669320554963,148.19191011566062,39.53802738267392,8.83636036106898,0.5715305420046907,10.634317967504458,0.41920701241854674,239.59800182858862,0,0.0
101.40448719672385,61.27095365346279,45.3774958742735,203.29138297437615,0.5474946298668959,71.18884730434758,70.03000473365643,65.19444328143548,3.386740976927061,6.273271687443673,1.5242429637815034,203.0869240778273,1,0.4952363596440806
51.17922591730132,228.2174845650426,66.25572931853921,228.66030642759443,2.8188172287849156,97.65437803456493,99.81128580949053,77.76405538242325,0.9253092618508008,10.365541526035166,2.147163981748449,232.34500021170442,1,0.3996394764749858
99.24041316118205,134.10055414149195,67.34939188241907,245.0978173789526,2.549617154339666,108.72786616892566,84.91727881269878,6.857603694617982,1.5128231851346055,6.639541854522879,1.5313090343125464,246.68074556879463,0,0.0
49.33725665351111,256.5888179009005,68.77614933727173,238.30048353220832,0.8187984284602556,136.22199989087636,59.64769070024279,4.468011107128973,0.48455852571602925,0.5299108429359354,1.8164299075351475,237.24190373028273,0,0.0
92.1856187782414,184.5450271291939,104.27489768527386,220.35760223775847,4.768647540335763,82.98202055481045,58.49416623177797,46.29540781188975,2.3085440776770074,2.8800966247043256,1.063490055132603,223.79629412127136,1,0.3120230901075266
38.14030884916707,30.949501575168146,17.500583245374735,243.6246348765431,4.76878501107012,149.78878664569302,51.74242299270212,74.15894391447709,2.233000921502124,11.474093818346411,0.7108952105709411,242.2290072658739,0,0.0
89.32845343145856,141.15448392195856,116.96779981229113,219.19611434115203,3.0723710528023336,128.61977491917253,72.87957738215114,21.461163814187152,1.651232597715608,3.6318936846355103,1.8339365427455145,220.1816639462275,1,0.33510324002332387
56.37360452249806,15.602128898420515,64.3836685450886,200.72397223970813,0.6530532875697632,104.82014367258404,95.80646501281646,16.63679899626823,3.0423322952777045,3.1689718440273427,1.1397833746005464,201.75250268576983,1,0.3279768561065461
78.55858122903919,119.18855941490925,93.97917381264422,239.17208753226868,5.468195305750086,156.48676529636262,70.32444316104991,9.377346938067559,1.1366266521244182,10.525152629592673,1.078613281243024,238.87208335843357,1,0.11712342786548449
81.4240608590425,152.36878250035954,115.31351658651401,216.15799516636065,1.219345657076103,144.42813631130838,82.3400872676886,7.211329501092338,2.7080649712128237,7.281390927016291,1.3036933122677679,215.46671164618704,1,0.3782344294441034
129.53502171588207,21.213435859361475,86.67423386045962,248.4690801734678,4.669199427541314,70.64500736773773,52.4902675106204,1.511202085912693,0.7412316012335107,1.00730131284703,1.6253671794115014,249.64047880836117,0,0.0
91.70369609653912,10.590936618631876,48.140925837300045,202.9651902273486,3.302398789095517,73.0734314516429,97.72236596470825,14.34232199037198,2.8270434351500917,5.98923443174599,1.3950969571559984,201.06092941037235,1,0.45164858593997953
123.53616732016985,209.112083892171,130.09224637946403,208.21307152690233,3.7073673361640402,102.79772001434696,68.77771829350769,61.768863262351196,3.332996977530685,2.987145774729878,0.8880978172923647,208.2152778935385,1,0.7748365969143327
14.311766321331628,91.05548768996742,75.1064065313809,200.94513382531534,2.1555446918694074,134.36270229325214,53.759034238247615,58.911009713280215,2.3062337473791996,2.1469501602624304,2.0601471489836776,199.09984498526697,0,0.054031710979077795
21.653542721077454,122.42640491267588,54.838427734333045,204.56976076013217,3.235265998352244,117.34359301447846,97.56243175268963,70.59342938030265,3.0323759768736727,4.330259064003807,0.7934575409751783,203.87454270863086,1,0.38788531046939567
93.55438214349113,11.345254830475923,126.74551963954406,245.55775511092676,4.416767086015421,113.95296539644812,76.17634373936018,42.042331668785344,0.6028351691196561,7.63503763558067,1.1772861986021856,243.42046651420918,1,0.3348120286663296
20.043195658195984,106.76329417548362,32.43434211628817,242.11282693380969,3.9659564140848507,121.73532653843853,55.03862580044521,37.71350200268178,3.28085053843836,10.288209953419676,2.0121603172539224,239.65447424618992,0,0.0
100.15819592338634,109.14935209617178,40.13897323682881,202.83700681082487,0.7318170119182812,113.84245991975442,94.53369730583343,56.23082272935747,1.9467261556419435,6.851596211561144,0.6196657698403233,197.93061770925854,1,0.7341839083043191
15.26220675260106,74.0019075427817,45.85886334679307,227.9507616001525,1.794282890490324,84.73661391254782,43.83873562374103,61.07687392133186,2.274257972470628,10.308618238153274,2.0298122256095863,225.93833421386674,0,0.0
114.64530876829791,33.04465597315406,58.68950314970708,208.49227122630148,1.2013752445381984,112.08143584767484,68.8616228344545,38.380752620403754,2.2586329928254463,11.348003381429073,0.5770815811114672,206.48957522393098,1,0.6460975493511313
62.03812970438192,195.04977095046166,54.358189569255494,247.92400872723144,4.401551630593273,148.55963234817597,68.65495531753295,65.19710430832815,0.5764736899713582,11.208449256805281,1.935650222023108,245.6792155611681,0,0.04456150275844034
26.600566383314714,153.53726191866517,26.160167706145742,204.37071421623247,3.194529397338606,70.97070138125511,94.47116114798058,78.61370442644707,2.5993091650700904,10.026626821642665,1.0896603080208043,201.374793056122,1,0.44550490656682284
129.63159167435595,19.873776146852002,60.48049881392926,243.52989655780056,0.5797307740279605,151.63630931846902,70.70492064610596,79.88793382890344,1.8650981003280933,9.501903145870742,0.14917384833767902,245.03128909460597,1,0.4899702840035899
73.53418174181317,159.34722107454766,56.679001561906155,199.12430168351634,5.610869214635353,133.66125246345055,89.27084441512179,59.59161932349919,1.5636658626325515,10.605225789516627,2.054711354358828,200.61891335396982,1,0.6871684473244897
55.17051708227851,125.72132077250399,40.6410551367338,223.58109236328585,5.237535544903247,116.09739756723408,61.14215176652016,62.28037821128314,2.1420997696533726,2.610883757687201,1.6635503599758326,222.08986788888467,0,0.0
48.89866192790528,49.48722730585824,135.50764045325076,201.105392588134,4.475114947932116,79.78858092833752,70.18019478852142,76.33292014887941,1.5692761902682726,2.9438046186766207,1.9472232840186277,202.38115851247574,1,0.6134947993538367
109.03620980569103,159.34626103736963,103.02253466372639,198.47180188326595,4.299975194339901,159.83667909364155,36.784287802873585,60.95035426048617,1.6721422962072598,6.361958443563024,0.47874444822651585,196.3305216745776,1,0.7273259130259182
14.214542259427297,86.61349368490974,54.30300568494275,213.55823663753276,3.9249721918121034,134.55594553378103,43.807804667108755,30.537483250194448,3.487864703510646,9.508304449867035,0.28411754651431526,213.16600740386076,0,0.0
114.23552688760438,186.64754454762925,40.785013740135824,210.22304832588594,3.5391571940026614,152.79042295451285,62.64615713715526,53.71354895738329,0.38760155856043865,3.747131367301869,1.6545203089858331,210.12125101202238,1,0.31600475257414906
95.91621105608692,62.807452564280624,139.8689923012965,208.3247823614907,1.68213328428179,144.66374246294447,55.38789960987454,40.792844515012014,0.6952908776595086,3.6585298336512935,1.0463138443872484,208.28734129837449,1,0.5433446756527498
92.25959800138578,19.734709768156435,64.61957926763871,218.1707528464011,0.9859631426046929,137.9985274846481,46.799716467842416,63.27099424362505,2.9507413430172496,0.7285510069711365,1.279000703184829,219.63769534173974,0,0.09594837876439902
48.405349378405404,212.60590285779682,77.07542965898283,205.70609680320345,2.8357484132475212,77.32948606734973,58.631899568121845,39.970726618507626,1.433853770057065,4.635223192557627,1.5555867943890431,205.9574431832641,0,0.1706325058457393
35.365480993318315,140.47465754269422,38.06597181696664,202.13384655990453,2.7815807746720744,106.3464474415369,87.71425860884072,22.14234905092571,1.4953351812169682,0.9418042965861471,0.7074241333105596,202.29793918334065,0,0.08636604813226423
12.64616955104338,165.52839043227857,71.94769216804269,220.53432619436384,3.7927443719341856,130.40444854383585,73.29381342107446,33.10744367745797,0.8843726284351889,0.13769034779509814,0.42727802638960544,216.05782210582794,0,0.0
55.113993016320634,38.25819451202371,63.31732717538556,227.81132758942735,4.138414578648792,91.87080962863858,44.30070135086022,58.028474558061774,2.855269392608488,7.384506060727343,1.6753969960286363,223.9857479841597,0,0.0
128.26284952448418,203.560154045415,65.49526569555707,232.33255709762784,0.724134641395829,90.4688415800554,54.25393516025662,70.86216658893365,1.5088665818336489,7.00515805668104,0.9010872136683977,234.3311628957362,1,0.38115707186453573
64.42463386296407,39.286928197796584,55.43394489473074,244.65710922051755,0.7128655527153831,101.68504805113685,66.55307855629336,63.51119577483378,2.292038191244337,11.00171505634738,1.8219673666968876,245.33232380049537,0,0.009087218544595054
19.825455188778488,223.2021085616117,132.63777150600498,205.05294004270456,2.5256756472680393,120.33066534215408,67.74633665827452,12.748683167010775,1.2707052812558404,5.611961869548654,1.996947655902429,208.4130022729109,0,0.18191452954848464
49.8216901007362,48.48940543314467,139.2329457058963,220.38562814930606,4.863981594184734,78.53171005095865,38.23115249840508,71.60014715987519,0.31554340433131256,6.440291986607066,0.16776166401161777,221.5085738448367,1,0.4192177760430742
126.93097580256794,146.10183386977084,31.754616144619703,246.62292013749033,1.2215493155197112,125.08733955678662,71.29078297425684,69.54692985484878,0.43623979238053257,7.416227302902268,0.5102368383719387,246.77598708959962,1,0.2603974450418553
104.15190525454886,215.35184277515947,93.543967367697,228.2360350756807,3.350075595265343,117.41757574464859,79.14788887093619,51.14102220361204,1.6548239707732268,5.573300736781434,0.9542050670724119,226.02358364868215,1,0.4598012117888109
83.81974775180748,122.83299873865003,118.49954303849073,248.06560984646302,1.14469463915866,90.92996521011827,39.927399737293115,2.6344951386569715,1.3970884947578108,8.725358752640194,1.4506002417978467,245.9503991142278,0,0.0
71.39712670300109,89.08263301640469,41.78413453371908,248.7048815384693,5.918605951637346,156.36805261229392,60.204190582451446,78.33212031265829,0.9364305916822675,3.9263417449526306,2.14277216729456,249.065449564513,0,0.0
13.254475168485108,188.144439494081,86.84099763697195,220.14722751194466,1.5798838724065096,71.00815316572306,35.34102437216149,35.02553991435495,1.399696465099133,8.856787044302168,1.9179519251747545,221.1976084300318,0,0.0
100.27290034450878,120.17258100106532,50.51490958920166,238.74830190581872,4.566518081107004,98.17001699584617,57.699551784630316,58.31992047611388,1.5034263036525315,0.7378089030568278,1.2775443285659758,240.7287236055443,0,0.02302373901636008
110.38194019914954,216.49350371450424,129.81866423868973,225.9165703723426,5.773865355199832,153.86508500789796,55.972980131297085,49.998285213032,1.9796314286965213,1.1849909883198513,2.1331005450378973,223.42689146993757,1,0.31195026914200896
77.48211615536795,55.63175381027489,59.62848384251799,211.2427966259105,3.2295971731288047,124.91919308992158,96.32044018368845,29.028478255148578,3.006261558286792,6.0940404590655755,2.0926644953562836,211.15779878689455,1,0.32342885724196324
90.10142831475362,170.1961067295829,55.308742467695694,246.09965834961332,3.929056763788669,86.01772145591215,80.554401274793,55.280154508231824,1.0356522437219333,7.008034135575351,0.8455574293474363,246.55307929524196,1,0.06213695224644254
44.13217146195996,71.53236396563202,42.0024852167187,214.56032114770335,4.126750421330474,75.36241439923444,73.09909572571854,75.61551945678727,2.2770793461614653,3.1629693016841194,0.33374948259630743,210.0814331391024,1,0.2522535419245131
57.30185081795783,94.14699994119069,119.32443872152031,209.96040311826815,4.473965928313213,102.78154064899573,79.0342956047063,37.23438073862641,2.6840652495714274,9.045511947804949,1.8040501727157063,208.41602106378707,1,0.5151433827424337
108.72485490816892,132.8894272283514,137.08226283461622,227.43171018311335,5.5039998495816995,73.9493147594575,45.39772805734336,6.9459324447946,0.9645116068408324,1.8961532745498486,0.7452766667953269,227.1182358416821,1,0.13372783216092715
77.82005149421344,102.94934066412358,16.01888015231571,210.38449834476563,2.7629419846659835,125.05785379045898,44.99500272767577,66.59068912683017,0.7747649514664983,6.949029471924934,1.03417666791778,207.01966309483979,0,0.09286367894465564
117.10007594384163,179.31761229940534,23.222242685983975,214.46271201731437,5.436806789423165,150.32027090433155,91.37568388613585,34.79121405317959,3.4966546738496795,2.772714144278221,0.31278410503784787,214.19707471713514,1,0.4012640037888662
120.42240943811571,199.78660241426607,84.3201400999865,235.17783899575886,5.14147032936917,131.21693776537535,55.274401748480926,64.4372750565448,2.779665914061885,0.9094707880297084,1.2106850289728506,238.09056811358354,1,0.2572378663284531
74.09145372470347,15.53839285548144,98.52014840102723,220.4955676857011,0.9584086729632492,101.48334673552975,79.94790697580659,26.04028683109248,1.033068128235199,9.1435202715568,2.1351016285829107,221.36624145926322,1,0.39024776336062755
92.23156895670715,134.37119910917752,60.673392854927904,208.08964673171062,2.68412387888412,87.40495140231712,40.75738029777021,49.481841639304214,1.1050614649280694,6.191313487988871,1.5463381597340784,213.48064885900735,1,0.2346301851274489
67.76546748316673,69.5288865011575,32.02447075929813,200.68946754835454,5.8768875300732235,88.05074395984386,81.1026502412394,12.193902877644147,1.2108521188311896,11.626378523974326,1.785738135490872,200.36711482386434,1,0.29560150216264025
80.50613466076172,50.109085246008156,120.4088213908487,203.74319858158165,3.393195840359329,153.8170682091623,82.93848285496176,9.203945760603727,1.0048189326014114,7.722186175327211,1.2874608128425944,204.04410154578673,1,0.5751472311865418
51.61389608885006,180.09420250400746,63.85163755369949,242.9295414463519,0.5310386599309217,77.50985066869185,82.14699664668242,47.22311544154961,1.8788578794971489,2.538818579466187,0.26983398580967066,243.99789909009817,0,0.0
114.13902109681588,56.28954965929451,44.761665657099705,219.28699592008186,5.347180084092565,127.05634539144461,98.71458957162679,53.33786801986166,2.889688824542881,6.318432070440563,1.761324247919137,215.1770286556229,1,0.5013107381643409
81.68033205157052,161.6937502448283,73.63316631709128,233.81489256201047,2.001487949297511,101.77892950364466,95.85186198733035,10.318088098491929,3.4635623980125696,3.0480612728422387,2.11329587213352,232.7214596921027,0,0.026338181064420894
104.80341410031839,78.38188533088922,70.1525359210421,234.0275050003589,2.2024042592595725,136.38172423258294,56.93881509436748,61.547891473068866,3.1222205798180513,10.09309984763808,1.3230666660263941,230.42158728064916,1,0.4074733606733698
125.31341884532627,124.44369477251593,92.59023199139595,244.3436254733335,3.081016702053574,143.37305223869564,41.55696508619154,22.330548924035625,2.75711404442124,3.283202657499929,1.2476294729025659,243.7490387596018,0,0.0
23.551463891779797,132.70791124095183,29.838057927603554,237.77426845236545,1.5935002468751018,75.61833173850447,78.00443030859566,10.994028197338563,2.85944919736431,4.7909101397968,0.7167774905749603,237.70284460430068,0,0.0
38.75011616665791,196.40418339720682,86.73149765836999,219.36101121624606,3.3808191535659615,136.0659495303391,82.76008831990697,70.1593284897831,1.6772831464869709,6.926886451077565,1.8030660517538808,218.42491964233548,1,0.368361670561002
99.45355169915524,168.57287406074758,32.77760153741011,224.11419810215784,2.5167342220693163,145.33685795101513,86.00892736821024,1.1500608970297233,1.512318810300588,7.140486015479851,0.3966689879451377,223.4095691691415,1,0.12276820806811996
97.96302571230325,97.75824691843945,86.82671645511833,243.03399109728264,1.8236688466642694,96.7369906240377,64.34443491258287,61.59975692849709,1.6077826937900057,6.7895928867684585,1.1918937166502848,242.47290279746687,1,0.2777246465665685
37.91454687499235,36.690065683937945,126.1633068226323,210.3022555082052,4.029392092290363,145.26088208923187,35.7170824511922,71.56773892693302,3.327796742183908,5.2626970323898945,0.8243248032073256,210.75157004907112,1,0.29201737540256384
24.62717372552175,105.94569266269308,122.62808320743794,216.25823644359605,2.2982879625877306,91.34161807223697,80.02996478506597,66.38122623761996,2.194875895975882,2.949205854503975,1.600359376061088,213.6799956561981,1,0.3667218754801189
106.86471938458556,250.52858103595275,38.93886258840147,222.7790968791019,1.7854116771320956,142.5389794568476,54.77488085313773,10.878193347243652,2.5044376656139025,9.357953270581023,0.8676994174926196,225.93295638650568,0,0.11597262186551212
44.085333009959406,198.94363086206806,27.67292311371408,217.49125110060973,3.2166627786592086,150.58922697116634,58.99224756116064,79.22642712103162,1.5987603153753687,5.140933429794163,0.5047214211912003,217.516012507708,0,0.1150258738578128
61.26204949085556,58.88792696021321,125.30033027266481,230.8744136399955,3.4360847334424522,154.51897285473456,74.07922176214535,10.520160749346257,0.28554671359779105,8.48668234532861,2.077268430121679,234.60472140829106,1,0.19630476965319937
33.51540770549481,32.14009270470699,83.97475354882009,212.4515990579789,2.321987173145465,138.27775587046523,55.86962738454747,48.868076602752886,2.2598445723397522,10.040063434124239,0.8832039047697583,211.0576922275008,1,0.2618983563789356
12.20287414252239,62.845578188738706,41.95455368285047,239.78989675185895,3.8558702742716164,117.86496120753978,91.74116573291255,65.24974862895019,0.7369892638610078,3.056095340595042,1.1990489972229046,238.9839102701861,0,0.0
53.57734335041372,216.09519818438062,59.14070127152015,200.49136402213406,4.491049258231863,149.67625476936735,83.73427423205997,35.89898928344507,0.709875172913464,2.1047921259575593,2.1632646512575797,200.79381091371567,0,0.16990942007468526
91.78340098236318,22.113824489143266,15.201252723625295,212.66020320545985,3.340563424114335,133.3317435613122,42.278699528860805,48.807271415409076,1.0795991494253174,2.0993882091024156,1.8725561742100074,211.74986122224635,0,0.0
97.48051555985722,218.16849120240087,127.49100233815405,235.15778615056843,1.8667655984842666,107.58143331654844,56.05198493786417,55.64988286367183,0.5496865776125617,6.275498009779962,0.13395389249855985,236.71568284387803,1,0.40533744792057474
124.84446391955592,143.4511947690425,125.27867074016797,228.76048166150395,5.41796951941258,139.3405181490242,96.89295937807975,66.25036733887437,1.1046965650848597,10.559544746483354,2.1322650283491003,228.94751970314096,1,0.7792204684295089
76.01090780703768,96.61355957443229,67.4155142426061,248.6338087910848,0.8724840643110503,81.0845373481105,78.86576844959255,41.86927207160054,3.336156653780702,10.244232656442788,0.26594355340660736,245.87867393530365,1,0.11488287723950323
45.58025607707549,154.643240730758,48.0980256683992,214.13805079449182,4.1295815116022805,112.88016392673632,87.57938494110661,23.742414993777395,2.758013645437387,4.088309308296823,0.510686527771659,215.9576449213093,0,0.15017785458541766
47.139083452376454,140.42187708524452,137.57386508664388,220.63591424723768,5.2494702237476485,101.69214242188542,75.7515447336004,11.14978901763262,2.1836542173938893,3.738736499304695,0.8602046369707347,215.53647941814864,1,0.19345138291788203
63.52891630953656,60.35898422908209,30.322545412171998,203.69261092918552,2.1631943425787314,75.19139943000118,71.9517025517014,50.40792317371353,1.9459193061246056,8.196119511937132,1.3542650143757162,205.4433351626103,1,0.3405247783848947
82.4315705077583,104.16489973571055,112.40546027861737,216.5423712263887,2.922244345799317,111.70698169129312,51.277515401690266,17.332236259823944,0.30643586182390226,2.28552030466274,1.6624588996389362,217.9663641383156,0,0.03473388273640893
92.02625998435313,200.41456984200047,26.159351393012884,217.18967376727974,1.6579898517279856,90.03851506586003,88.04129236545404,41.54708965534909,0.8048540347922131,10.701879378331068,1.7462052623118267,217.56917893183615,1,0.33787514992922785
99.15731326416251,56.856877423422745,55.62941586471814,248.51033333863074,4.4279791004564535,100.45116031712362,63.551786587707454,28.85217997309967,0.7248893493827533,5.313103246535529,0.45390115488907756,247.3809588536695,0,0.0
59.62084541455087,153.91464010991322,79.47120030810173,242.60128488839612,5.938968300524885,156.4200824271502,71.32805851078083,61.49096685550361,1.6915527985401508,0.05506181245394126,1.386193803493615,243.4438416073834,0,0.0
106.22780498886698,162.96388230750645,113.57821270737522,231.0451066359067,1.4289858589072837,107.43405185858218,79.53726220616278,69.94990481124348,2.357534238249392,2.192373458605415,1.3592681112363398,234.646401131723,1,0.47030342652579255
28.61756466456361,175.60856983858648,105.13230678239587,223.55544852771786,2.7181787534811273,136.82542107667922,91.63082302980357,46.92904137543322,3.2913011919556356,2.4170479742936926,0.882186781646231,225.6864740322596,1,0.1699783828948866
35.586257297340936,57.77781998689827,123.21096794870931,228.73434239576375,3.649563776123369,150.08976962429955,69.05934079410281,35.92097605226948,2.4233917421726994,8.063391621386334,0.11663000547327254,230.21102497733813,1,0.2521141640402769
117.25838498340255,160.3273080283827,111.01878944810244,206.51860772688545,4.366482028547811,107.49761303852556,56.994449926247086,72.31366171819505,1.0455023365230531,4.71323140146991,1.1055869618918048,203.72581783300205,1,0.6966287433367394
122.76017056010794,234.62460363490433,38.27889304459552,218.6551746239626,4.877835895206496,111.6342573970721,35.22262455255846,0.6322279285264809,1.630916773060913,2.88346019411346,0.1401599798855322,216.03871102446365,0,0.0
69.12362311299836,136.33065637830867,103.61161133456984,228.45243770819732,2.1260585007196995,75.37502869591778,50.22343824498892,33.388203300562424,2.369886779304147,6.1522923434039996,0.28415325694905746,226.28352827704566,1,0.11208100778248883
70.80547242265153,217.7952303241359,69.04824988843106,229.37849927510902,0.9576515857383074,133.389137312581,74.98657176038418,7.1350037191286475,1.5621798255264103,8.753786469870557,0.6444056244461677,231.30454209771966,0,0.08405638360588151
47.54692764466079,144.8923605313528,130.49855199012325,225.12121378524427,1.188769017698078,147.36056602651018,69.95462509273688,39.62796386685647,1.8644886428457939,5.549176404480235,0.36453831470232667,224.84178188238891,1,0.2662857874675498
50.140705991412695,10.778411403513555,109.24647153306599,205.8534402274327,2.9272513690307966,77.68848461188301,98.43598563932473,33.62676456444188,2.167308618968533,7.345696173678153,0.9315743013908363,203.15680571024478,1,0.58757078106178
33.76187479248429,134.80205684075048,112.32044043450219,201.0054643936283,1.2461957044642231,158.5252790131629,54.046989552217866,33.2645137079496,2.9039035339014787,0.941756282914743,2.0584895671817347,201.26704535493414,0,0.11979259782276444
12.720124956755324,229.4537980302456,75.54511902184919,212.83731186331673,4.554521725312929,144.98346937080066,52.308867359124925,26.39364336979923,0.4601096367845795,2.045551147580008,0.9142887338558539,211.8550591802681,0,0.0
91.93211784719178,121.3838705080238,119.93065743091095,232.42841893941707,1.4661242885124037,110.61029554913625,55.4511509752221,7.243751175606743,2.4401861358412393,8.60451522075281,2.000542886426122,234.073584951728,1,0.15883442988802232
87.59620723546564,6.214260364910526,77.98536041874297,243.35908971798304,2.8723445102421095,114.50735048657737,39.86820700422108,2.6049198788229067,3.066764067913747,9.199516437495143,1.0661844552146595,242.71479462419964,0,0.0
124.3127096242908,41.81639173954496,33.932051567040816,244.83169143609797,0.5153052898317301,128.16060384377494,51.7443181401094,44.06727582024752,1.5421334565799398,2.6316569974544795,1.1990929588158263,248.77669048017762,0,0.0
119.89627667908037,35.86604935375949,73.63959706791806,246.9300090714588,0.5243455705279831,132.74873514593486,79.73830773252047,26.30782569561046,1.4956192707220475,6.638786003852898,1.012737751000021,245.52168279990318,1,0.17032130782204885
89.68381562399104,76.54580475968685,96.7044114335152,214.3861561637584,2.1925717508807283,106.85927083666886,56.465117194393706,23.806829558968808,1.7485198123378884,10.58917055483381,1.6894860326593917,213.20081841205752,1,0.41200389299411666
17.514179254402386,88.55050854402843,43.6510984838576,248.7938774884756,3.7468050998825797,151.58933053142755,56.78728270674632,32.699091683625724,0.2590693446525304,10.3017266555375,0.6753850059254523,246.25986286059563,0,0.0
111.49049840381937,35.07207697051932,138.69959792324522,216.77317926728946,0.7141982343809385,112.13488402618388,99.7511684127093,18.7802421599517,2.5981557726645765,0.553624256151473,2.0564012937961187,219.13601269134608,1,0.5671996989176101
70.19890531115568,250.75979488924187,10.15516658287533,218.57652818506017,0.608951477839625,71.55843211979922,48.17282447911823,67.15588486139693,3.1600784988515205,3.803427729866917,1.3557684030122443,215.62466671875927,0,0.0
112.75644829515537,176.22361027483126,34.75549945210186,216.38445763343674,1.5712045971111306,116.65835813174144,62.26501303539795,9.43552291557106,0.7816014052159852,2.532699574492668,1.1659864618966227,218.13281377592594,0,0.08517093870204193
88.08096596390229,204.65071853519208,128.05468094408786,247.85637668880588,4.128252382762478,134.77456275038102,80.78386642642508,34.284735619652565,2.5484718636750423,6.662537918158183,1.9342461227392909,247.91839879136478,1,0.19620636878463488
20.262190973423664,23.730713727457182,63.51345795329269,216.83677991077622,1.9505523058791905,158.0268085716545,57.09283347931229,22.311794368905062,3.2025219236562767,9.82037991614044,1.4031023042707336,217.21421786964072,0,0.0
81.25962090057446,147.1089849089321,59.056247584661094,244.51367125419438,5.240505180329556,96.36946472143066,73.02865268319005,77.72057453451107,3.38165761152865,4.095457980931149,0.6891089903924369,246.80742007168465,1,0.12197468471723658
19.59092432719855,10.897756403494675,131.07152204956122,234.8638388916872,0.7240207569493406,107.45449179056506,80.97581641904647,52.91768481132425,0.9109448428547882,4.9794555096840485,0.5360634550773665,232.8324400879575,1,0.25879005855381704
123.77817355323467,259.3775198241952,22.014024273023157,213.63471709600614,1.282868918270717,141.44467556732997,53.244714938589425,0.7804966435802907,1.8324320627538464,9.898326349306659,2.164081779466597,213.29425277795906,0,0.03400349513197622
14.195080806127613,213.61070283035193,106.57894912033422,209.9416099735241,4.15517093878009,88.4321943840715,57.501235047795646,66.0538636757824,1.328724734736392,8.459086731001946,1.3897745455557347,209.81290197291176,1,0.3100444917517679
49.82211334758184,168.14406229274866,35.561180279118595,219.78967636653593,3.403370828883723,123.64451851812717,59.765535034467604,60.223706582438524,0.3011756159044762,1.0307579385325987,1.0893926726566172,221.80835431200583,0,0.0
48.807616310991875,228.94097557401776,124.71401694539769,242.7991417282317,0.7595880370140556,147.66424523133483,51.710910121122936,73.22836192940335,2.162439601654248,11.365953157105869,0.8592856636303909,240.4997894113309,1,0.17232308930950657
106.16786660497594,257.35347038040675,90.79429345748866,203.63589281521473,2.460748259413616,70.0421830418565,73.11428476004986,74.70117692829811,0.8370842237843803,2.7021839057987664,2.0175321695021005,201.47277044063395,1,0.6977936899162402
83.12899205583489,39.42505099141207,122.07666387331761,202.91760874094655,3.774425941715159,150.5326359472058,93.68388048403736,53.49991027689036,2.030980762853437,6.815216281399893,0.399722654537641,201.2672294688507,1,0.8309975934006201
111.27846809312695,224.11976413664956,27.922712748425216,205.21678381268444,1.2826179370201711,82.04249476288102,45.48621292651111,35.17413587309485,0.4415119745237506,8.401820880019075,0.2143102973211546,205.42952936522295,1,0.3627422270683785
94.92051891520767,249.7865420356846,129.1320135441792,216.60529054561738,2.1102779708547867,126.77299540179713,94.96457426365306,35.043879374051166,2.1336192993495064,4.6779455372127146,1.7855236317157785,220.15172671791052,1,0.6252294153411014
123.85631891624492,175.92117272330836,128.43594220975956,227.34783734792288,3.7663905044524317,99.80311897428078,67.19322894758807,48.5573991783522,0.6597365506457,4.011366529776771,0.4449374493790813,226.59157120875665,1,0.5814615268210456
74.12722679344486,162.01460944057737,34.408784565198445,220.00049284730278,1.283678939582677,82.34418332718847,69.89871281115185,15.96171698965862,0.4033177859881785,8.349755536682242,0.6949210703179475,218.0986735547939,0,0.08232080923807816
126.22730361784471,78.69549997966845,41.30309616529316,208.9240857450597,3.9167880364187946,76.60904983221583,72.52798598615485,46.93491891252591,3.048844362144266,11.416287396957722,1.4920014248562268,210.5545299458513,1,0.6600722791694851
86.60738491127717,119.74013126810965,90.20719938328736,200.80578874375834,0.9895285683146734,81.58788037828117,48.77571338609438,46.13452102744809,0.6558531376855261,9.5556371208738,0.9559932525186731,201.39471121743694,1,0.6516772921922057
87.83537241625606,42.14044411768354,62.97658427785097,226.050635381378,2.0281990326617714,147.36916765982744,78.35813142716921,69.1588640809764,2.00450729049466,2.9746698365195954,0.61992906800965,224.3037194874433,1,0.38939827945966776
118.42952872800909,233.3089263541614,90.42315791834656,214.40748668814607,2.7007993967595265,136.03065610699633,85.73501550174137,42.25195613669699,3.324072051361304,10.944259299970383,1.6356305967470148,213.65381918031775,1,0.7979774076928864
87.13681579904834,38.94946754920341,54.66727532662532,200.70717056284482,2.293381444155899,110.77177284356836,75.28536649817224,72.16199504928238,0.506171334841573,1.466571012446682,1.2324261506868939,201.32420833887664,1,0.4315872814270247
60.76323695458971,227.7016258338985,53.96091878850061,222.8727675264956,2.388973444758469,101.78041751535459,71.99803959415866,47.73090351552859,3.2181596642127714,5.275613461606284,0.665119970670697,222.111361380711,1,0.14663087422497795
41.567801640559594,19.09479170160448,50.851098275297076,235.59817122483892,3.7774506132034413,73.44307180133828,54.77984095438018,59.336444461464204,1.6860295633675466,4.0916369508536,0.1697619194155453,238.6821318493109,0,0.0
41.46304065216114,95.8097931868425,39.29655413108408,205.62366721701602,3.9361805315701743,122.55673246206797,99.70448547593816,43.050363628603286,2.2287758230252344,6.3067077897054755,0.8457383200311072,204.93831871336363,1,0.34794503851608244
84.74413516268226,258.3210622997884,92.07472757707369,215.28164879022825,1.1747410618183114,98.4310460152025,57.044623161883806,44.5885368680531,2.5732139568321304,2.012444333552081,1.6294806793912329,214.02286728615886,1,0.20121523518883636
62.96067159098696,70.19874745564366,96.69954187499623,207.92246008030477,4.699293064512301,99.52021948447867,94.6341236080818,6.35355999840324,0.7431250277925816,8.026483759294424,0.7327070518488106,204.954008950143,1,0.4596002040103435
22.742778399025845,44.02213906535974,98.8344534612564,212.22472167434705,3.014262187711357,125.82125187387238,81.37958251135782,9.220532299865773,1.296345351159436,3.296746934295711,0.35549178796451386,211.810889364993,0,0.15819587829229376
57.36196415115391,133.33012582181658,63.106142646658945,222.89561222051253,4.373235248283784,130.02170333797818,89.57590195290406,4.95694133783287,2.208315754118045,11.186733673143397,0.48350434216102844,224.9266927786251,1,0.2104828265916284
38.91149494978847,205.04451463224157,25.030034515915787,212.54288728556682,3.4582112019233815,86.79832889068146,60.5807774834657,68.48412812566768,1.4268180593799522,0.1463900063445327,1.1600327954816985,213.9502719796337,0,0.0
38.3427975616672,210.4534213076048,131.4383657139291,210.6444060043886,2.7418347744036065,87.77213766494808,55.526916007581164,29.47697603588373,1.9710549634464782,10.51376319786773,0.477671559641499,210.80458967152046,1,0.4127257151635906
108.42344282047347,117.69677287695151,121.03853102393678,229.22974432359962,1.1002915413068988,145.97580968079706,83.99240762170538,19.515192970161877,2.2887887651396523,6.219233623166014,1.8571473484395222,232.02846883946486,1,0.3761705950055484
17.85597115519227,185.12013354194212,62.07889176687977,204.95566504315926,2.3947265054310476,130.4984621112643,92.5660557058819,63.10187248862736,2.3189214467472463,6.994855116569351,1.2083922173463097,206.44285642999733,1,0.37321540660084324
121.26779270318946,23.596818909125062,93.66310387765442,233.7575025764496,3.649948845932132,91.18577833607324,78.8812064171978,27.757588023285564,1.9756675037720466,5.809210563001635,1.573002920310753,231.88571367506444,1,0.3164490208406054
107.21086319737111,7.760629087661949,78.7693229907221,238.05753637439403,2.858247255915102,117.7915214298252,51.96199999373174,18.901972776889558,1.8772272230239795,0.09637183449982789,1.7122893193755584,237.51995514667547,0,0.0
106.29115306683765,56.72931621893068,17.147131729432246,217.392576675694,5.030329207637348,79.64595870999457,63.4081750438675,59.411976657961375,2.3543907437442924,5.321120269939761,1.9967517975906535,218.10763728992475,1,0.20017511252937922
96.79359387911492,9.849023922035009,70.8933030831771,198.6333640271127,0.9181246980901798,88.62732794154634,51.96513366982451,38.00645510185405,3.4267203309537773,5.519945016719738,2.1525724820355303,202.05343701985254,1,0.3257050911470558
85.01444595757623,82.79054228030047,58.41603134802009,216.38623383441399,1.7774507558290895,109.16925488315867,40.840237601493364,45.81290083740741,1.2013561692304253,8.462861903279034,1.421294316633237,212.30622082632397,1,0.2280313021353847
101.14849564146124,231.5709293908916,50.90203276690497,233.3069500210274,1.7332965859106932,110.60324205649101,83.99115039256492,7.7423909080478825,1.0953628480946909,1.9971989101628234,1.860194001362316,235.54128528845888,0,0.0
14.73919607780497,180.56258335844055,113.89255419916803,249.21685492766068,2.114334683193004,153.05324256131559,96.25520351984463,46.93059879020788,1.3009484427519724,3.819616592921697,0.9822482703915509,248.59465895585794,0,0.0
23.942100217206608,227.08523236283716,114.96611828503283,198.745667340416,0.6041345579340583,150.15615939351727,62.86026067025769,70.41971225099272,0.6207254134873154,9.254436905910628,2.05258793149908,196.7530594856377,1,0.5132168858581332
118.07620284736298,78.2394504672898,27.5978366671215,207.01101542252968,0.8111248574612658,97.92648726786149,59.508855037412786,37.016818400164624,1.696107163354767,8.233450305237389,1.5106275218375678,204.9928078934223,1,0.3968815346198516
50.359971713855806,196.81403099406134,17.894244052101556,235.20427251725064,2.482332162329863,154.44471047917233,69.40643288137416,39.89888011887592,3.3456300344393712,10.150107679636001,0.4209845700767866,235.2533327743855,0,0.0
80.15332689368152,157.8323434596136,62.14281943082272,203.52580268039688,2.1874709178591942,104.89282068401607,51.43062058914155,32.11203543729613,0.25120993953714765,11.811924113015232,0.33021421197863166,202.1629187505972,1,0.4118861166156467
64.06650574575566,208.9625145216058,108.14332577454603,231.28431525382229,5.538855025374435,76.0091795221126,69.67749409051633,26.04290397777519,2.993725899827387,4.6169022726289635,0.5486090259637982,227.59909246948388,1,0.12648073966561854
48.461667886434576,254.73182367732903,105.17564421100573,244.38418234327875,1.1360184510683862,77.5277079736989,88.74066713129858,1.0556478913297607,0.9517897782635905,6.677875350899377,0.2314877913183983,243.26598141442975,0,0.0
115.65014313079668,233.89875520671865,109.15591772439348,232.32433380490016,0.7278201960340627,105.28205175512426,44.78584601868277,35.814432753664356,0.9783206560491389,2.8770463149815555,1.7312271934791672,230.96607246509768,1,0.1463671252225854
18.290552063633708,199.34521912351477,94.6184412775497,226.0546392623112,3.1132025475032172,151.72921660512026,71.6115400904861,69.47379660833768,1.2647379156066971,5.342618124754729,0.4492167456160727,225.79329809644787,1,0.22610138489861353
43.58163411962132,167.44076940833213,15.676881401264891,241.1296849860571,1.823607908353293,121.15415992070308,51.67321759760721,3.8906420848293966,2.6178287042215174,2.5941638667891627,0.33513365500303915,239.26808707984313,0,0.0
35.430186306803314,40.01849728357999,132.16114494949176,216.05571946995158,0.5744973419617017,93.37603974247529,42.310320581685545,7.476995047587094,2.5611515629111343,1.113884577134757,1.6930172021744874,213.22330452342487,0,0.0
12.069329073317615,205.60296335734378,49.3652057865976,198.42601051543102,2.6174875063307215,141.8456948463646,43.76822460380078,19.511229616302074,2.522423145626199,5.498319790384313,2.0652432477340907,200.58840422916177,0,0.0
91.06734299568281,53.79958634015194,129.48060187955468,233.9726816243085,4.535889236591738,82.26716041012807,85.44339254459464,72.1389525051871,0.4755508154239689,9.062661626182713,1.7317729447920363,236.17206242858845,1,0.6253675457165894
93.40975306817124,139.53266339292136,116.03013641135593,200.96166698243164,0.5604200642531518,136.2614438502876,86.88165268613642,22.01502538587483,0.8334840945060271,3.149448231564526,2.1915806245562606,198.7691893916616,1,0.5658620280384412
103.65298696946142,228.7295114918706,98.08406400521343,227.6463756281335,5.7009710223059145,137.08160194642682,47.28399957483286,1.6946329607636557,2.675674824661046,10.56857066640399,1.6406464975862267,229.63937541275027,1,0.10001064964233625
29.406008163583163,199.9711790440292,37.06441346184049,233.74823854720717,0.8547020828846094,77.66871102609124,37.82032719264791,73.41204376217304,2.297937573365594,2.8636361990267205,0.5364651014316087,232.49732905286132,0,0.0
55.57860043747181,205.05344049811555,130.13167693894508,207.6857387626212,4.563860728282417,89.99051001868236,81.17333556790894,70.44260135042134,1.391614590175549,9.102553008067025,2.1126971932920284,204.7665188004385,1,0.7129179703348411
67.61308718113048,32.17955161555034,130.3452288432229,249.1615583365351,2.804184804203515,89.58695205146181,74.88648574479664,17.27591687058122,1.4716834548521036,5.406426782095178,1.8127766062425623,251.13619011172437,0,0.0
104.84799231236441,242.53207870298593,50.426508826744985,203.4207213287212,3.1894830656052395,75.23655215882864,62.39194255490473,65.2357210256559,3.258436416940988,2.201546338532942,1.9520132902134932,203.18993063843087,1,0.41754928774757955
71.80074928637708,163.05962785776399,108.19283377628449,209.0902475007494,4.082159060566118,138.10347152508422,95.92660347149327,7.058029837200772,2.4222469909153417,0.6852482987974486,1.7467853080522149,212.14528551371666,1,0.2787362586932011
50.284187994100634,94.44373330519336,136.57275887004857,226.776738686975,3.285047940349881,142.2344194073019,40.542165688008325,6.015290466447194,0.9373426253204806,10.246296101375787,1.7582942104815356,224.6485455425129,0,0.0042467597456809884
51.00435296336631,101.67941381825852,86.12040198877986,205.28396740188688,0.7693629142223869,99.51016111888221,56.6359005727743,9.918576893838216,3.2556017215164714,0.09811051393530157,1.0725288488381233,203.10611626873444,0,0.0
63.081393458813885,112.17387691171756,69.29915209309286,202.4570319235259,2.4564617190098117,133.55209270772173,42.01851575936587,17.78937404348591,1.9865869629380175,9.5564096334494,0.16385718341525118,203.4555149487084,1,0.2867007090047441
64.41266981004371,6.599514776638293,94.13257246153874,231.14256522610646,2.844042863057969,110.17636185921697,51.12772903173218,21.5243215936842,2.2439887183313947,1.9283192637224293,1.8242390204885275,231.2858873156566,0,0.0
102.70891487008771,73.12316476944314,43.42428957794663,201.06402152914245,3.3998795969523985,141.00449344402278,95.14094167791137,72.01366250280572,3.2459743717049605,5.205441914597099,0.6738402712942201,199.6223766448076,1,0.7785879035242464
27.060974151229015,44.83216119185138,22.937341755895908,203.17482783353304,4.184184779366941,72.84665531205252,42.59273450817941,6.287818136942374,2.3433008086716707,3.2930035810169054,1.4962378170165607,202.74362660691693,0,0.0
36.195831456552924,129.95535235698372,59.207752536864476,240.6875644041918,2.1016851721234504,95.1910836511218,57.3134024098821,1.0060669971313185,2.1445807701593664,2.2541000460761977,1.3786170670241473,239.52693463348004,0,0.0
37.31194850126185,236.88571713372073,86.6220697296924,211.88558261454654,5.130597372257534,153.8979486862034,66.87673927460496,46.64045545203382,0.6067959736403179,1.6865913868282236,1.7940604891931515,211.44712502261615,0,0.09563258663672848
75.17078214165824,5.627614113393342,114.62582289351363,223.2513416632318,2.4319244763591072,145.3600573664855,47.7077926154931,76.31138876025238,2.8278367494987835,8.296160285618006,0.3821476503203529,223.25762566795694,1,0.5358375818620831
39.61091269623692,97.21055886047742,82.53571277131199,240.17987029434033,2.91209067537126,135.41300059712847,68.88607579500734,2.0566460775023288,0.36684336692144226,9.20158291500789,0.5950629919590679,239.8377233316705,0,0.0
46.232507100530654,74.39809614398524,97.80616807901045,222.09938501127766,5.081572065034292,122.57831421924405,70.64353334929865,70.96521465266909,0.925535220164748,8.189130878143422,1.8114526247772527,220.1280192824761,1,0.36959254497015354
77.13961487122236,83.13328723652093,86.13021605513933,241.7953283136291,2.4764358365812407,107.81696257003608,91.76633544675408,67.94970420865,3.2811736028269713,5.609037193259645,1.322153187884908,242.89027810130935,1,0.25702947682054333
62.68129736020049,62.418297005624844,132.8520018462882,225.17173058957727,2.1929746511677597,83.18846667960167,70.68911805191316,22.431262473449564,3.090861529931743,3.38766674377028,1.259787877576468,226.90916479391893,1,0.23913168964073078
109.19048527863663,23.41195183224773,117.89387246800125,225.23148104645102,1.431077173613904,103.2083076464855,62.4674888560438,26.478408588476494,0.8038786526792119,0.5047363119583852,0.6889313635205677,224.97685139033146,1,0.3445971073423573
75.37147616552338,61.80017025476878,102.64345423315152,204.12910982954625,1.6034768383000029,118.08386861527907,50.530289443221726,67.498341221708,1.7724124278023505,11.956800223106228,1.3044057417628043,202.08775860794114,1,0.6126527925022023
87.32422881077606,165.15664717810918,121.30264713398758,215.87177687296565,2.2812790230816633,149.45214152735008,78.32012181515877,8.512724259711915,0.35084476603225434,4.819395073088463,1.8585127169503888,214.73657394115386,1,0.3518540975904121
78.75563036643707,86.08962561269577,24.40995851195577,230.99968067064322,1.0879607046469484,80.69326414541025,97.71348363249561,15.723064409732128,3.392702755035988,6.206466822000557,1.869446624254139,231.3979260201622,0,0.0
89.95364331238451,107.82757424016499,97.34649875263914,223.25113490106918,1.3813059901544418,92.8576855433561,43.29327661651841,48.349956232167955,2.439026167404533,1.24393160021103,0.5053209683248785,221.1745832664106,1,0.17898757771198823
11.358955116565873,205.7801468613293,49.12899658449168,246.99444844768766,5.058524065540017,96.01959984881397,78.03078021050139,56.584180178062184,1.185456177847519,0.2091002402972264,1.872180859114371,247.40233540011818,0,0.0
18.89066199067896,119.25931780040389,32.037989387578534,243.29741631259816,2.049688023419238,70.46665824145308,67.12363177695627,4.266065707530773,1.5990722445689833,5.489840557995033,0.8466063801918337,243.75548303103562,0,0.0
118.4536730472633,119.1822166604502,112.06225452585551,236.25025214959794,3.1551052604150205,116.04965921468322,80.18223546521651,53.55304534478048,2.1374184209323035,8.25677379960737,0.5063270467873539,233.24553879159907,1,0.6473854278510263
67.30685168890683,91.33204550233228,10.786472388251791,231.1455900560246,1.680877008788068,157.3940715674434,54.752069238834565,37.87883682705883,0.46624541246801826,9.819479768419047,0.8894912067713396,231.19489741294592,0,0.0
44.918322388107306,52.71694230230524,35.25974830945821,215.92856199434758,1.0799354468014553,159.98146400958302,73.78073760168664,62.63875083918713,2.3958217951818015,2.4952323925853217,0.14712516042789545,215.3008006857975,0,0.1002070841050628
109.65373376941537,136.47313555996325,45.57337584079933,243.23613312531666,4.977775808864352,78.86030123588722,72.13089010536834,62.50636933533815,0.23490977774480826,4.967105655629453,0.8540272924533076,241.60267698002562,1,0.12021562698432246
57.74700949745835,228.0054419183327,74.8136261500325,202.7938592175839,1.43202108099605,97.53717113799904,53.60341707686224,25.59097716972163,0.990657587784397,11.935303878062092,1.4973810182750669,201.1585562584573,1,0.31359645051814955
77.88755556708004,84.67894093995122,41.51390457005948,200.63892129240645,0.8570401978440122,159.8519402105062,57.24551259362532,64.12563372838805,3.0850842513987637,6.986727805131248,1.3824590600916709,200.11055724348236,1,0.4282147179663479
82.68981395195723,157.29526277326084,60.31431135874426,211.28169998058803,3.5472466773386726,105.43437222973716,39.11028343892963,66.21777333347677,2.397896461104086,7.816785252625866,0.8707405136631603,214.55822541687013,1,0.28969375817313797
87.70594153304872,223.2232789589865,92.71838147524437,236.66049845719868,4.4196650517560725,118.30956560080782,61.21076538333537,75.63807033078879,0.8601403638280425,2.4964119319164944,1.411003768964283,239.7883370486823,1,0.1362173773733168
45.35972248197189,166.82333052023952,42.93322335638354,234.17789015854197,0.8824123327316826,93.74621471775649,44.07485899607788,12.877184349098307,3.0074919933749955,4.7286875077609505,2.003040772238795,230.3786500570005,0,0.0
97.60336076182296,204.884232866688,41.06223445239689,200.0626655327999,3.5765437464889045,136.98878858915418,53.79183487671307,36.17508420526701,2.274877411402472,4.555749973431711,0.7978796174718547,198.70890952932862,1,0.32546303813784283
11.545113917930099,54.7910318969814,114.42998303763144,236.5993774437491,0.7050468730522794,157.15187321290563,59.39454427178718,66.46726075648061,0.8713510841341507,0.4021752131273626,1.6259038998120607,235.50309950736911,0,0.0
128.3444061049523,246.0598246499246,27.476736256229163,228.80654839840463,5.687775562670335,71.91960773375051,35.794792194274216,3.328983834708872,1.839452583903716,1.528892510955128,1.8928165490408397,227.90177223601404,0,0.0
72.69823211019674,113.85486540378415,134.87728855353237,249.77161125558194,3.0197734595917565,82.29412620708453,57.457380201663305,16.324575221723627,0.3399195601779589,4.948837000045284,1.4515111317511324,246.70791816701043,0,0.0
102.26029138314662,19.519687242686178,17.968188838987327,199.14957232817486,4.919684419515046,103.9561748945589,80.25075164696266,51.66891197981276,1.8424536982629278,6.75591443717713,0.8867429095577557,195.21054920824176,1,0.49571464426568035
72.12249190716061,44.8717087694936,61.39962568070702,227.21360524702817,5.543573871741747,104.26098560236483,49.494818944214614,28.60501088452085,1.7295734623455181,5.073815465944705,0.5193720489106607,224.84901132416448,0,0.0
17.89673787426586,98.05475165027943,90.39403366848443,202.13211434948843,5.144459184032283,121.0167346404122,70.25174078450391,50.659562428470224,3.4728952395104624,11.871314015535754,0.19397616855716754,200.61984529422077,1,0.48695115122608407
19.93897362688177,172.3589624571623,38.01546490120617,246.22895042223965,4.240092712918606,132.592342623685,41.793218769957214,54.59683719819894,0.375717751752272,1.6002537589929382,0.3883209936156171,247.08629814238333,0,0.0
27.407784777886523,203.34871858393657,59.15740116963535,208.60048537160762,2.633875950318314,117.09274075246508,69.22053171577662,46.119296595992594,2.538096240212435,1.427846537730665,0.5367972942993153,208.75537487663874,0,0.1315228752479512
57.43794833804634,69.24187665044539,38.53793276823113,215.69319113438718,2.7183628580972097,135.49421506341235,71.01250377946869,56.566631823266746,1.037441152804208,9.608140703753651,0.7061478920944506,216.66643466924683,1,0.32533748770602505
83.53655496614172,130.17364364151092,88.52068691054325,226.25842073356714,5.891644181742528,158.70474138535644,72.89540026874104,68.71372814842745,1.9091883910055585,1.0882089106181154,1.6033692243472095,224.75370159889837,1,0.18711289828285263
39.323493393031924,224.1315890994495,31.17763453198386,222.14749870824642,5.257379261341693,154.39190829387474,35.80138886866986,2.529151670071128,0.4726477262390337,10.558975128761677,0.13671950168511177,221.82859854986,0,0.0
127.76014617546477,32.446061421682316,54.38756082054685,205.59619259947584,3.0799573447978292,100.97328748972845,60.73491096682933,27.93198352942091,3.474707183808679,11.72877321195713,1.781620126338912,202.99090967919906,1,0.56156392662089
15.040864258714146,96.99973777255707,119.16099400762792,212.3162109718931,2.4493242240207453,130.04176976554706,89.26376105382595,41.09086724090876,1.592927226755651,10.960443029203493,1.6757602334667543,212.26975682889676,1,0.38628083902028004
128.48098495198315,23.037034568711118,40.480603473318254,213.35397357479115,1.8421906493067794,99.3158192605644,83.42889664956516,32.65763772807193,3.1775657966617348,1.6986861858650335,0.8903809171261902,216.11589959880686,1,0.40058534394714546
49.42851552636369,130.58798060272267,19.376179237243857,211.5497938408029,1.4682997529991446,93.30880700076791,59.289522623527894,26.007850342951528,3.0672289435375832,11.39278870089579,1.6195596694155519,213.21538177522635,0,0.018449556524680243
111.0336182714382,215.93168038694776,74.90709160557458,209.0565111679561,4.30112914696359,85.68915309074124,72.35227510520608,6.834356998578679,2.705513791867559,1.490569694059296,0.4273278989934358,205.26787450186933,1,0.28465341217396506
75.8125148202655,256.10695551559377,125.74833497653407,232.6496751432056,5.591251510833259,125.74676312507623,82.73221025049773,40.87167971085218,1.264515469888094,2.9684471275093665,2.067762488386217,230.9249314965088,1,0.25194223160432533
37.53098000171725,55.43530371483164,49.62079190118145,217.07720415631394,2.9058116790367734,141.4053481763529,54.918723388364874,76.2863333395203,3.3435945995768646,6.843272239249924,1.9593560579385363,219.84369691077836,0,0.1091309649610806
76.78960543357906,138.2577548339393,28.503532920445743,230.44474444506008,0.8707640446506775,154.9477249944771,98.65049702329729,38.93305598090123,2.198729723528706,9.484370331988403,0.8542885926612324,230.12549619255714,1,0.25713349529378904
79.17308898132957,100.10717112530745,135.52399312279437,229.44531339148955,1.944766825722349,93.50141194789536,95.62110694159354,56.030119998770544,1.4586524088526118,9.402726320299493,2.1031402045881222,229.48536666821596,1,0.5818145314427178
48.78565278154676,188.6193148565731,136.6240886504977,224.4363173607509,2.222425391337949,107.20587764725532,73.71018885237983,48.51327077058354,0.5218912810052503,2.9137728341524833,1.1998492901029179,222.73640391664264,1,0.24807301992924793
117.85200867710907,212.4809678018689,41.40723445803922,208.80279013117794,0.9416410811847795,104.05159605559889,54.15185990190336,45.52001624171819,1.7643650186652047,8.697350189616655,0.9829572082406517,206.09983772886778,1,0.45629011876169406
108.36066861320785,146.0605253594312,60.59788700726227,230.42141452399767,3.6565576805600677,91.47203017988097,68.23971168301046,20.010138706414445,3.1814910006837342,1.1321212255416482,1.0098761528241766,230.22921586204498,0,0.0
123.38842662526265,258.4424371211635,74.91905670982129,205.81072868000504,4.441091094987527,97.92363829526231,46.40479006914973,41.945166396209686,3.4433015670587106,2.300692651188449,0.9648386821454126,203.76786114478793,1,0.32920344185471206
74.04293392477496,124.29527396820689,45.391659225428036,247.0655692524318,3.9551318384688567,118.72786091659772,51.96268588305979,41.609260102891035,2.203004381290553,0.8130963532672753,1.324251543939554,245.8748397315336,0,0.0
11.113264141741283,175.247160761356,81.41045366561903,230.3624826329823,3.273266009512897,142.6296894238273,59.624429556112275,66.32361230426625,0.6113002243441887,8.24890552740029,0.11093756620055645,235.81613211180772,0,0.14968635218550724
71.66602637758382,225.0738630646078,128.06437328939592,239.47061866401563,0.8490689510494791,108.3623830253037,72.72164715179194,24.30005385535072,1.539381287403835,6.076328229316622,0.17024879788889186,242.23328769349737,1,0.2426686470397969
81.9186742475963,212.55904948779082,19.845257937334473,221.63800960333396,4.348893446214077,138.21046967402836,97.1663693602585,40.92350896414189,0.860318937193161,10.33247161804226,1.236423697789781,219.3475522814431,1,0.3160624422409014
122.97805620282301,57.55581432083966,58.44722401306571,244.8412865682431,3.015722981003983,97.18664965046752,52.24830008821142,10.103950530830685,2.776613999404447,5.447709308783496,1.879148405941262,243.306002422709,0,0.0
91.53395626196121,259.57062235371836,20.19088604982278,213.89641108723706,0.8703594405944037,84.94451075468831,44.43956018891118,7.209185148513519,3.128669149728942,11.961134272690282,0.3865371365004351,210.02742856937022,0,0.05910573020357947
123.2954163248796,35.1565970073091,72.90726256042907,227.8017518432334,5.419698206217199,99.7662713995636,36.79681345402863,69.57003593254305,2.4718146479424563,0.6606511341389569,1.7832250939120555,226.24414577104554,1,0.11426791415475826
126.49429162418731,55.479354489492984,17.242205821774,204.67272116139463,1.4937178295042832,107.9766401833134,62.73446912018687,48.43264456936603,1.0658327524731597,0.08252603265230807,0.5127014945900605,207.45367279377686,1,0.37683317942535616
33.0019708668774,132.7352308800292,32.495054591691606,210.17037536215668,1.5417753943700245,77.4474956522767,64.87381842480758,75.0115817528925,2.4527512499188244,8.440490593825812,1.2784191379691903,211.76627775839353,1,0.2682937885456011
86.01819669831143,39.98524151170316,56.65667850018304,248.41313813511198,5.723347518889316,74.91830399046454,61.052353576823656,10.95684728843997,2.4913063884448388,5.39286851721954,2.024796008880112,246.75140440514048,0,0.0
60.85907192942889,181.05335387887968,18.30755910242948,201.27417675522278,5.1155323227889165,116.56334505808445,57.805615537309706,5.63251058286057,1.3673579153921764,1.5110658264119228,0.946781521508399,201.68748789637777,0,0.0
94.09001417939812,72.6631844726603,25.240763374758323,221.71933922832963,3.112661859092294,108.41650679254391,40.45693530708263,3.8993115878059204,0.5711561784616317,5.380927449052651,0.8139885294295157,222.03281153736432,0,0.0
54.94349444910543,117.06435587988,18.13388637252357,247.84056206493483,1.8051894408330231,101.44138083641101,40.40319728017803,76.75869756844052,1.7334722558837792,6.088990148107461,1.7381547732301037,247.5079816679106,0,0.0
80.90357742305432,245.87200108873745,101.0168017174224,198.55820720304064,1.3222091531711568,125.02819949229041,42.596222782393866,11.464140635918936,0.4859413882408238,5.141558002510536,0.6030708497940308,198.33058094873,1,0.3011256789977141
43.45262540181147,11.998643556708638,127.66163015923402,230.3259257711994,4.409082413536817,142.42626784789903,97.86164362942881,51.264096306908925,0.4009198761261146,3.0905303868216722,0.6360961035510756,232.96696984204624,1,0.3477730334275008
114.8012176524488,38.248956295237384,86.04840844424902,243.21907018259043,4.303841344768735,102.14668680203688,43.58586269276519,27.5018641752252,2.6555316919385845,4.5067172330592005,0.6713621577074083,239.29508461367558,0,0.0
55.60128608157142,92.00891645790635,61.3630051695767,209.33029257944708,5.5609906231941455,104.61522093017933,80.51830604576207,59.1854437406412,2.946259013058684,8.002597721493593,0.8159098893561079,208.09497912598738,1,0.47474327088244567
94.09386071485218,14.114920785681367,113.43807285170463,233.33146664054277,4.150275612299015,110.81440843661592,58.15238036464022,1.2305712443083205,0.44489151554955,9.254095244340713,1.8577124431556657,231.96649591359832,1,0.1453860960423403
20.642383796510188,57.425136565592446,14.217253904971468,238.2424417933197,2.4555698333117055,99.56781486565909,46.10668897405374,53.15628932051154,1.0978762977924996,1.983866498807458,1.3476856971288418,239.13647534388548,0,0.0
122.67916345714728,182.6946657505142,12.197395321768724,218.7513354278638,5.630843371452475,158.9618917866961,36.52881788082896,37.828160305066106,1.9803088720467932,5.701010499093067,0.5792869834568333,218.3509645518015,0,0.0
83.62692348567789,35.62827324697358,132.70297528569938,210.0225036863641,4.525539673945184,104.30401897729783,72.26706081224467,76.2362419662716,1.7843370285254292,2.9358794113844326,1.6781454810610374,208.75139394923352,1,0.6788374690951477
113.10850967896941,159.36154091470146,86.73426996339185,231.53565677327262,4.289775267846941,96.79470753790855,76.05836974274027,45.502313635117,0.7650665188195642,8.733797684318388,0.48378954910278194,232.03144732103064,1,0.5382532719556157
21.01218879487195,179.82420743931357,118.37676266576845,221.80391515227944,1.6488473176594423,112.88199757984208,55.20937689425146,18.41661274920238,1.3731962831544702,3.3811531360230775,2.1052672313076597,221.648521093876,0,0.0
65.14513059767569,211.22616615681025,86.01943084907121,223.8324641314421,2.608828531651787,123.61243707975973,76.30622053258531,79.52420683535779,2.055420957292929,9.121745745616234,0.645676167844399,221.39966838994263,1,0.4914319734703671
49.09387606390736,71.950616421653,52.143923450910904,247.96769746592236,4.253037425913983,143.4078877500543,76.14278150990116,23.707188206989382,1.156891434121873,6.602664470012998,1.4771455903676836,249.43728895894026,0,0.0
31.593736173720437,76.06044519094685,29.7740774968957,215.42219292672584,3.4767840117088813,148.5165354293443,94.95470935949773,52.14043845363542,2.5188133819234695,6.148978426012501,0.30055592359876504,219.77997054831224,1,0.2320177615653434
127.03344457650516,173.471410820016,38.54275575362938,228.5339469104592,2.50092006332378,149.21562581524057,38.81750896237057,54.552354557791006,2.3400305690586136,2.8765174318711115,0.3344920655242313,228.6518671196827,1,0.12838721980973536
31.310565826513933,204.91059875837942,138.89553494535426,207.1563371899721,0.7643032148651089,114.3778312773426,46.62178731751202,34.901465605860935,1.7927352235018874,11.08640321721983,0.964536256863867,205.11410697116173,1,0.337693103430705
86.54344196092279,240.07852067596144,139.9500922287925,201.84203613803024,1.0829379899293226,157.9104706917742,48.356192478371035,43.510758074738746,3.348768356536326,8.26884036450967,0.6672354725728004,200.9473380499487,1,0.7320152359954375
28.233948805712913,34.90675861928807,109.43517861877268,202.65570265962043,1.1534229246509278,75.96613446180953,77.93572697969117,26.604536133813596,2.559823039491425,8.02393601336179,0.8932564802563625,202.22773739068057,1,0.3841616843307691
129.63958275737627,68.66306491837858,29.231670318242642,223.5913612455766,1.9702326451202925,153.09670852812602,43.981704795126106,50.89864931049566,2.0400142024664882,2.1481126401783146,0.7369181764301752,226.01969675830628,0,0.09144985607042658
86.22058150962386,248.67557121446043,81.75356334008234,236.19773359045269,1.889353985514097,139.30302182055198,82.12266901396106,39.30726818392011,2.451269841773532,0.7551570035810928,0.16636895326577456,234.99397024966788,1,0.18172479149915682
105.74253312410893,215.3358667253171,34.095615634193535,234.74586586195545,2.5496398268719123,141.3372135265093,45.2258095993362,37.57629192546397,0.7004460310927811,2.7450430312861824,1.033267198832176,234.36187150196218,0,0.0
66.65635541111607,42.130034951930284,79.57189131143322,201.2827551341048,5.463515883399223,116.82711044553193,65.34643508209743,52.066501964817185,0.622147437508891,4.58576846230325,1.6244649800941777,202.72833429049794,1,0.3321147417717022
114.23287595949829,110.96329770805575,137.68239932027348,219.32717724573257,2.0891540129085175,116.1498135992255,49.17556209919188,79.75289221717254,3.244317119074972,4.719029660194973,1.205751622733237,219.32824162800782,1,0.7024827425478417
81.13216322032024,102.7800447321674,40.806968706274006,234.93109459226088,1.5345745167403755,159.74371940604522,56.180689784377016,58.050941993285164,2.1942889126181235,7.371762896932909,1.9582825750298085,238.03880829059133,0,0.0
52.789038161807525,39.850971493101774,50.630062330652294,228.38112570487553,1.350428271402474,96.85612264375865,88.35533745154453,24.70354851770521,0.5786396999473999,6.84770241052113,1.294021819038469,231.53876710603706,0,0.030723469967591777
31.550359486454816,248.9343042256074,119.02820388264861,212.49924015608494,4.163968476814816,74.33320680344802,44.34664511485603,53.47019071441137,0.611505571493167,3.3227708403576584,1.096803254020429,213.63953715855098,0,0.13439212578735113
49.823241288825805,28.66120641073872,120.37299453555659,240.9542276941734,3.1429413440504934,128.8921735443782,85.44906269162672,10.11254512192516,0.4138573383445602,1.6648127538302724,1.6939803775781475,238.3106237529636,0,0.0
18.21224389033481,247.0849672826627,11.437951450303897,247.5280982628279,1.0323688619915041,140.89740665028262,56.94241621208558,79.31631946379801,0.8017220172212594,6.875640143876169,0.9383518798035435,245.435790167693,0,0.0
113.57209304212651,129.05851722999358,61.50741656195953,242.89844172010436,4.225955759745996,103.489616274497,98.38135678172506,51.88327864870929,1.4185123927250956,4.980414779825379,2.1229939668020363,237.09275715922328,1,0.2771647187133141
69.99550222396395,129.76265236584624,88.38126998346186,206.01802593603617,4.795799957849398,79.28616545762462,53.04370005097388,3.1197841707387486,2.095024133034115,7.163189827277418,0.9018548634496115,205.40790041617794,0,0.23075669809240545
72.03215533260499,160.2126428451232,63.17558460058287,227.7980782985906,1.1723177945475023,87.51023044696518,47.5182465834073,63.29802051538774,0.5877805544812928,3.50138535468832,0.45656596967391117,231.66789641411418,0,0.1239137736503573
129.53835224361802,159.39866518948162,77.47064221372811,199.72158691276323,2.397067219512414,83.0260710160524,72.28960333941203,21.789251439202665,0.7020760772535977,8.301307833638111,1.282715022998941,198.36943201350928,1,0.7068610218553795
88.87865773176678,168.96971884834383,125.84284787195412,208.39620604913873,5.4967574181652425,72.09267211859307,90.53381319398531,12.692159258723317,0.9462844089641329,5.727083545724407,0.36240578974394133,212.5866917561945,1,0.6130934421120958
37.30145530319304,73.95863533579245,125.26968643864384,236.29538720552247,5.053850073792013,113.81475794715898,72.49412963110473,15.030984512004295,1.206043423908506,0.6013484224772676,1.5253359323934395,237.90562054976004,0,0.0
88.85340681382146,91.88391141710147,58.847722011342384,241.05466973289873,1.5208610369087625,88.50004737438928,57.25191884163668,35.582844589846154,3.142478312322852,5.535955336266371,1.4103222002665834,241.43725976031564,0,0.0
50.999904555722345,227.10842054131754,24.132407951557497,242.06074504511264,3.305213238868066,141.74955748246416,46.464350055725426,1.0337905683897475,2.5781220845656363,1.2154273174411605,1.8472922819811828,243.1311364391864,0,0.0
128.38010047039307,163.3751961627885,96.07349264447355,235.4463917317199,4.8132748934203935,119.51190029638641,87.47632425133395,75.09119110478045,0.202289084725739,7.412911145064354,0.11206121121675124,237.89790228515992,1,0.6665547868192216
129.28837922377278,98.791714885766,52.728926680604424,238.53604623624918,4.65768441362643,141.98340569237686,69.37053596451355,22.187148943760235,3.1177978542287903,3.2509784878395753,0.2501195767097714,237.56643999723966,1,0.1674907345850354
60.660392645185624,135.28367868549392,96.35342445961687,211.7430655584794,3.9030864918018384,75.13457473564769,65.09470094833776,32.554118985952485,3.372457888912083,10.562976047726204,0.1060995012016287,210.87174564778888,1,0.47627924957238404
25.265599658365716,23.418163860272468,133.70167674462667,242.67918133730666,3.8880472236377157,142.8740464427044,39.6929304410561,37.132647375847824,2.867947502107052,0.9573163455651152,1.895401211373023,241.29771906408533,0,0.0
94.87649572047621,200.03218305809216,19.674832690954823,241.76785690976646,1.2236896479924213,76.57059664133028,64.47851813116645,23.359413871433,1.9841619322401478,3.7963532599981993,1.3230266042415844,243.45227441131607,0,0.0
124.27034354135421,5.750769476559646,117.6721812272213,215.70488804107384,5.438844586325393,134.60475116066206,84.30694814594335,25.780772603195565,2.3532222203668614,10.87429712356833,1.360049597293285,215.93119116190633,1,0.6918026349292643
82.85941293245159,37.87271122465098,25.246803254083467,208.0187840798514,5.303101673278018,124.07065533692108,53.15399512876894,11.080872223992646,3.182953857592788,6.285494819302734,1.1615364999154056,202.4082053241496,0,0.09728367587980233
15.065650475809065,124.4388226662218,111.78215161257442,211.1867376705941,4.406215604255559,144.16030017473565,65.95535734821935,32.06035711342781,3.334921391441311,9.601923747526591,2.1534693336186574,211.9712627089164,0,0.18158813061528792
24.04618542037192,147.17853002329952,116.98066961327538,218.47032665690386,2.180544820742966,142.13814238817886,86.49276945160388,26.105258856205083,2.0386592898222076,6.674409143732914,0.22255889262916217,217.81316426114026,1,0.20017253218751785
48.12139616736817,232.40956028692923,125.96562722177964,249.1415760300953,1.4118335375967435,130.91677152752447,57.938802820231665,43.7713761436411,0.8850925872395756,4.504416725133279,1.7611536422625453,250.6561140850953,0,0.0
89.2441616041796,41.353287905043125,56.70603768676555,217.6836666550944,2.5528869874722036,78.7016659856809,35.857455442502136,31.39208580712736,1.216290993492221,10.960428127089049,1.0108983364554156,217.9270029314131,1,0.1803868608705201
45.287012670763445,99.03598641355391,78.08414014357696,247.15797091543672,0.7215500839164097,75.68901821342595,78.05464483070129,57.307412883058234,1.4129789289673451,11.042489689175754,1.8440303286717548,246.0345488443443,0,0.0031921552084062874
35.0745148689074,37.47742088972735,11.26908257690065,230.67944204844835,2.8758795750436525,72.394921102193,48.182801712301185,49.32940603819357,0.31657568100459205,3.000825399898703,2.0774441895688702,229.54603710138167,0,0.0
46.3717774067089,91.5283068569527,14.378505260135164,226.49273977497074,5.271355316134733,128.0153789402708,58.280249188507796,57.35449695106893,3.225167926027389,6.235387142331506,1.5112856874412708,228.41000001629857,0,0.0
46.947484615784546,244.20815195662595,132.9448473986477,208.90011289212396,4.338099471899645,157.66727985303552,59.307452137750886,8.34397618697393,0.429634358969049,4.240431694718886,0.5197985175657863,206.84907515573593,1,0.19149342372765454
52.76243578519744,25.54072547984775,98.36103120076915,244.79483687333632,4.990073179852479,86.76989949060567,38.799838424933746,66.22838402585671,0.8319798194755526,4.459736006186038,1.2708490426120729,244.72929309059478,0,0.0
95.66902581488661,6.501690319393115,104.8048198201189,215.94935117219143,1.040378040092202,81.58589530467141,35.41760135630783,47.898328948311935,1.5591873454827812,11.450666952467285,1.2503960220163288,215.08469220013623,1,0.5161116398282577
96.26138091468137,92.09664990026185,116.50636805497643,219.71915249814717,3.288739007384448,108.53796268790948,41.853953160336125,25.9645586044725,1.6296017093120132,4.433783857793841,1.275891574453419,220.65172767522492,1,0.2604915044002214
118.97191605985712,165.60518202277933,61.31465830394821,214.36733968067963,2.1518676642526025,90.39983235483109,39.0341499086106,52.83342424491002,0.9023926427908207,6.7581985236333875,1.575399802512786,212.4836406923044,1,0.34351391285380295
34.88250451813633,134.23421908437996,72.47734425979559,236.5687273517205,5.314760294099446,109.12687987218928,67.58141994932872,62.80633886354281,0.547043685181633,11.916558107188788,1.0090057253495965,234.8264673082734,1,0.15883020780873405
98.24740787303674,238.84692422202232,115.88276037860783,246.42593810176058,5.638362386401957,145.4342670663002,82.67439618635152,50.3892485154405,0.2633579885424121,6.090001087675029,0.17362148312681988,246.8008848806033,1,0.3137475919387299
122.92726993001862,145.71480370286096,133.76877732115958,237.8915977674694,4.319615651406908,115.4922583085324,44.79196114931698,15.655896305897858,1.0043428767855154,6.177715774434512,1.5725052617631292,237.2812406779243,1,0.13701043954995026
125.27281206447054,51.65639621638403,122.27929920897918,204.3172420813316,2.4692420802239425,136.3267027030654,98.57203218553283,38.44298107562507,0.4181514331640907,4.5934582681203775,1.242805119146963,203.78406053187092,1,0.773297296075597
69.48191159829791,132.30997566294963,46.26759730256083,202.870953294079,4.223276350247552,146.3186883367086,45.23891665299453,16.707688349692226,2.3774998866992196,4.002982559434813,1.2187033656406132,202.448630411365,0,0.014948815146993578
91.66661873936187,198.7801477256986,83.44196942283105,214.44668582478394,4.238543205337458,107.53221764162703,71.41764141962537,56.60142869652244,0.6126288077959172,5.22938974681054,1.3340141125057532,216.18967486222388,1,0.450230690790193
60.69645597829661,209.48792050482146,22.594341781627193,222.16299691170576,1.3908680440387342,85.0208981131025,36.521153720995805,34.29684205059058,2.0614646832802923,11.246359505547222,2.023131574100131,222.8872633584094,0,0.0
55.76150506235726,57.08723334716565,23.6773971963149,211.08175783334616,3.748105648519823,97.43192142291561,57.98890412731893,8.415143587775011,2.454255812797424,11.395862064624957,0.5343805075152894,209.4975909463859,0,0.0294620852374275
40.63825177585584,14.955957008693323,65.60760294561369,228.99657078132327,1.4981683187348966,95.9445048730755,36.02330466386003,39.264231633604254,2.610974720422358,7.901849946948276,1.9087265568375684,229.01818385633078,0,0.0
10.976036128177862,186.28050102492466,39.58874391125518,220.03247792920249,1.6793744326378885,90.45991082225541,55.74290184407582,50.63234008084976,3.2075582800823574,5.6186704825073965,1.096181648479201,216.31630715301912,0,0.0
61.36886969605612,149.3530645714792,31.448041247097592,209.320940974421,1.1613964138072785,143.63896965639623,57.38861501063107,44.182477619931035,0.917420081505,0.4980825731805716,1.3157856460891093,207.7444642237272,0,0.0
41.609918271126446,255.89141959060223,93.96856867670405,232.78376338854034,1.7144585980984437,143.17038213475806,54.94792588865241,18.359370544311815,1.7810035156390547,5.979612984308585,1.408108209981762,230.88297468905026,0,0.0
84.19583355965914,247.75399321514917,137.17480323302888,207.7445703638512,4.261468151702603,140.6084601047536,55.145072714471695,52.63970684389904,2.8043275579443634,9.798255403314059,1.9949981007869326,207.11245397947346,1,0.750747256603798
36.07365542444079,97.80935913233522,111.41104318428924,207.5093655295754,2.184234708694196,133.5937327818144,96.03500229395289,65.35751154502472,3.426490162454611,4.915831965765426,1.8272009654288859,206.7426209468355,1,0.5608593535030105
15.457673480786198,118.69499362738259,78.63770484466966,209.97964289287134,1.575383480685139,118.67510044679508,46.0627218246006,55.9053954533223,1.0305561956136091,11.581603623617443,0.83978225499927,208.4818616757227,1,0.2594865946687642
13.028401489427196,191.15951397445366,118.7835383340825,212.60848540276757,1.261684421449206,136.36564382501064,57.81291954584809,31.084970658529905,0.5287547071314682,8.423675846400684,1.5014200933119137,213.4422923123608,0,0.10597563020029453
33.911977263932535,199.20495773391562,65.11403215511308,204.07840521202706,1.7597263499773785,153.57927480445525,51.46263219228294,79.34672103441035,1.263060510272845,11.594282294145875,0.9121340426734262,207.2304943069567,1,0.4089012557752
104.81620039895647,233.4536620421891,120.64832835452101,202.3633610321863,3.989696304651899,83.99862300702797,45.03072196886628,75.15502464209075,2.1227781871161713,0.5864546864414986,0.461769124294064,202.32790784535277,1,0.6737915222312156
75.21257829439678,67.44513046973648,131.3385153086976,223.65906221963135,0.9020261288061686,144.36215025343918,47.3587122760321,79.63492907929162,2.4590739195051845,6.940728990500148,1.3109076934277364,223.1684803111309,1,0.41760111855091375
92.12169377182202,38.89762588225022,13.687652815661101,217.818724712446,3.608213576771851,138.10024817283193,65.09944057800578,50.59774799644159,2.262653557360836,3.657983074841397,2.0146243111518496,218.6371405011095,0,0.05399991776310746
104.63601528095815,58.80516924307985,48.39691140667052,217.89280649142967,3.1765896376100953,130.0425246487349,93.78169130141778,26.30653994347017,2.897206330897847,5.899376024000808,1.002543606274245,217.88141567627488,1,0.402419702320166
117.9182201270663,146.25836796968133,74.61399994340006,223.3595878585353,1.9119274193945612,70.71054961735362,42.25196827747287,66.16567085550143,0.7685560133671947,4.861281603763118,1.6662808724655278,222.54410359319644,1,0.29686532227904516
40.94860868204968,144.14267820439937,121.243678782758,242.04693825944386,2.022282752772721,127.69411709933996,77.70317677925755,50.24213579722905,2.687868260169491,11.688637551815571,1.683052862699041,236.06091782954522,1,0.18141183592215812
63.06531392415716,21.205473400613148,72.97813536903327,242.60262800449087,3.97460275550881,159.78064167235854,63.493007696033175,49.934692914231675,3.4457316370934197,0.39072267653008597,0.7347433787337477,240.38598054155972,0,0.0
62.173419071416035,255.52141972118352,55.28332135875554,202.15416606436335,0.7034343053407914,131.55301858330927,63.83550101838408,5.968813405126596,0.8915647199427457,6.863093690864861,1.4886290514865352,199.09425403414818,0,0.093040766120942
126.13781825400571,231.35730645057637,60.82902077425639,203.84498865865038,4.254377881464897,128.38627900028322,61.70742986831071,49.90200109666657,0.6721763945848234,8.974659503985906,0.1606601985084216,202.9118714954833,1,0.7485692530743039
82.03528276751933,218.21902855094604,44.4109653255456,236.01801243316908,5.850113576931263,105.20715614399487,86.08790646384794,64.45658720215313,2.784647058066821,10.401245143418596,0.1641428801761984,235.36446592628664,1,0.4695086566707586
93.44113310886253,73.17522057252954,85.66160668953862,216.12562931452237,0.8529353515924261,102.83546707949705,59.711932478465855,59.48180235791412,2.937240679534147,1.462811696744497,0.8262930757202979,213.63855732350234,1,0.38516986266913134
71.29011004213648,95.53587808946213,46.347619229704385,225.22047253604387,4.397731988591515,107.83258644785374,68.3637756022238,5.386977805495263,1.5365515377224443,5.909072382276128,1.6049366038453425,229.39409496457185,0,0.0
125.13200676892679,181.60624203385825,44.127589620749504,222.62994151056765,5.114720182639214,152.23502940758283,53.32831082168316,78.191929147637,1.399618075981187,5.948185242485975,0.9304201656037038,224.78717331284102,1,0.3970258302966301
110.67096949227668,6.880919421296366,109.90343083476142,233.86726327692193,3.7188220407481785,115.98568414704667,52.43388101315614,10.53414353275361,0.2602261427281587,5.706802473471299,0.7305193713627425,234.8984787346983,1,0.10778928117127326
121.90464129252322,240.92471361188808,50.81258560265397,210.55847531545237,5.426554248499795,114.255701491234,38.758310736484546,43.1643297783976,2.1983364615120498,2.9700639227414634,2.08329476882601,209.0789228127373,0,0.13456814989148635
13.122391462412102,187.47257787093082,22.876304496253926,224.03977604283065,2.5325333952865647,81.62360777656755,86.24731073206033,29.035991319847163,0.8508661774183335,5.770870230075415,1.7620033029253728,222.46526043803092,0,0.0
100.28292646804029,9.470961992380923,73.86915010414577,214.54075372936393,3.9838199752788874,108.91726946235922,43.08170810433304,49.33861059155019,3.202281148062498,6.615557612758199,0.732890142580118,212.5261250491241,1,0.3376749962463676
34.64514832400088,175.81281526098468,11.978973545621727,224.35415927210795,0.9810269690745317,82.82582898707732,92.17782962117232,68.86230800994132,1.447169197844827,3.49329573998696,0.39898800004771007,223.7003706741814,0,0.11769238191175951
108.34901144552104,19.331604853089758,107.81049977886809,209.0854538407222,4.27771039435558,101.59666748550289,41.44083812811012,16.144930076627766,1.2962675969898203,2.857566670449756,1.5996243136320836,208.80934006865212,1,0.22835110112773602
85.0761206449331,12.916164235721226,18.082580385311836,243.43715123793243,1.6581923293371899,117.4013179689323,39.23679123531307,10.689040733114394,1.3090882048580756,1.813754598439702,0.18565813860871583,238.89001142767444,0,0.0
22.578073092638675,179.30874196780914,51.155003980398256,229.15815705732908,4.188256896501167,149.63151066229267,68.62544430136694,26.81791970168229,1.575068743687484,3.3577172201742265,1.7416575329680282,230.01471503129494,0,0.0
24.71932770193909,91.95393491361513,89.30339084650961,217.4412907748038,5.542713059142704,71.84350515063892,65.64701095564507,43.96896152231313,1.95286312418778,8.330522005001143,0.22660581487684936,217.11892637413163,1,0.21076021162296438
67.43827297418305,49.54379904824753,100.22137442794242,202.29693504237434,1.321845167427218,144.72003209605913,80.9427353055751,16.629960317114243,1.9249215728378408,0.19446448477724854,0.8045372511744182,205.78931898985283,1,0.36465349223584126
74.5033526075931,114.02362416934854,91.18680673933898,231.29824860680841,4.988923855696447,130.76730472292593,88.92879144182461,56.2340375171748,1.8040711315795004,3.96388629801229,0.5127164244843668,228.96542960206537,1,0.35048876168132687
120.78330130844205,225.81531911321593,18.22540876385536,198.21729057882374,4.282595131893586,96.14734154867817,44.904031758933456,35.89810975762779,3.06017207304839,8.81307876016706,0.17035471472612068,195.79954065668352,1,0.511477233806507
89.7503673079166,95.03705509855632,93.7231554579961,208.17834233436696,5.5752034172325216,126.77968763378166,50.78229692435315,75.58493905889097,1.6556592385327014,3.0038529101140896,1.8312233122285264,206.68666012383838,1,0.43046236190835113
13.8912674703904,110.58907949090187,17.777403986751303,213.76343092618632,2.140228642144069,115.05256604386963,90.8615851560939,43.66915253890333,1.8643357677667465,9.238309504306056,0.268125731424785,211.3347424693469,0,0.09243917581149635
53.190777186409896,243.87307009124066,127.80599014028468,216.35208286192457,3.166952633399437,128.02661375169032,36.18082570960982,14.84534041509046,2.2214794762629784,5.235116933796556,1.218362163842288,215.91827197671083,0,0.0
126.11819462265991,205.97881072883675,82.75305659152819,213.92732954042805,0.5131044054302978,87.36422788724724,92.66198453633159,32.389228230943075,1.9750634349200866,8.170009599077794,0.9106682948818426,216.2998430005471,1,0.6910496998413045
120.38983009674384,45.83501586764964,42.38929064778121,247.94595716830943,5.657197264854626,112.8432421694198,51.519017512776884,53.88794035822588,2.550225492791931,10.4605261252479,0.8841640146461416,245.85067747873117,1,0.14320789670872813
26.71859119923109,7.3012784374462445,30.844961112630696,210.64634265934058,2.3511845647326663,85.70018364874525,85.71797782667272,43.448437880400455,2.2849165868831727,10.084473579116741,0.9332386711633518,208.4368463843868,1,0.20344153146940028
90.72789360951415,18.781199826807367,77.02041189001696,233.32013732078127,1.9569666977363136,123.95315892691366,82.4653025705848,17.92837543537417,0.7556117143981056,0.9543558121393949,1.7311949060938128,232.24360543732934,0,0.0
75.41571088170572,98.20842002710256,26.94864784031385,249.80880786683755,1.3801686283624919,155.82858996847304,69.82082471567671,71.42418103055618,3.223173460474523,3.7243373812382257,0.35250738502257817,250.33973150216082,0,0.0
20.3160096321373,100.5641656108403,96.78685541249045,229.9253831245948,4.118746676546877,100.7769359591478,39.19705570789405,63.01829964425541,0.6668429314910336,4.605675090806331,1.0561341246941123,229.5301071421055,0,0.0
62.964155163528176,105.16101355613655,22.17716864036102,244.60385276961944,3.2238236976928207,138.96814849600742,48.77796069293778,53.623237748825105,1.4200984380166723,9.883213135291845,2.1501694256554966,241.54583964334628,0,0.0
62.82352547156555,102.4765895724191,120.05369491069848,232.25451175758172,2.9632406849036603,154.18247756114118,81.93324672327171,27.539751273028745,2.77826675950508,4.007046899021112,0.39782925508822087,229.61062180825292,1,0.21000792222193493
56.46710650841928,219.74658237912467,17.62094338274339,242.64443190101161,3.9771361772410154,131.136978744687,90.19265796327926,5.812492643358471,1.858722883698175,9.324655242156783,0.2606408888382826,241.00683694676795,0,0.0
10.508890762431907,42.977126087483946,68.06524151676999,240.26411004523962,5.426346077614034,121.52673702339965,60.62696946405969,3.8608172070737368,0.8189703911307384,11.247629335133997,2.0777426967537296,239.5678555054788,0,0.0
29.80954300894379,199.29486971842468,32.8392782567675,247.56173983351937,3.712614465056244,87.51609289330054,37.603384461006954,4.902441113039462,3.446963397904078,0.44992044738365733,2.005944038517259,247.27329410265287,0,0.0
21.849074699302097,196.8633958891939,69.42288404279012,226.80712337727584,5.871379509893816,95.07344882838686,46.827094870972346,11.556327126432748,2.186090513829995,3.1679449912494735,0.262132212492224,228.0415507738662,0,0.0
13.003757303691126,247.45560368008464,22.020548461865754,240.45550160233907,4.578272768859461,89.36031081266773,36.42993068222553,1.8966666066594406,0.5958664304451283,3.3794076554043713,2.0704536146841193,238.5981593907894,0,0.0
89.22878306964853,194.54969922205115,123.64868602119053,205.90714891435994,0.9227426980358142,129.7057252971816,92.01482577013329,2.627942102524008,2.2169814024767573,7.685964230010223,1.3877751963312062,204.9047250733418,1,0.5865091073496616
31.649915493374678,235.68771286244393,113.70209377113487,248.9080547716806,3.285675921776057,103.68239023223161,56.46973717590889,73.69200787333557,1.453074134461304,7.894552698396053,1.1614536048202713,251.25705387410227,0,0.046673953863164676
102.49857624859784,223.8133709836306,88.14467626515433,206.01401074041004,5.9304634231938795,138.93499248678935,95.46374095632763,44.175701716955366,0.5940482289718966,4.611124640042032,1.353924427045161,205.85087461852203,1,0.7253408155111499
22.02112412925999,224.62417802718383,109.62096314785875,238.09885010144825,2.289895290057114,120.2490118270335,88.88793015888538,75.40787567030873,3.3233742369381947,8.164221038385012,0.13028839574853843,234.8392822884977,1,0.3182406989667247
20.324904341025032,45.45812875686794,64.22685030589682,205.39852051685628,1.0430492150619424,75.05355821632216,44.31485463073436,76.76170138261799,1.3944486685473905,6.300326910669257,0.5807021986850517,206.0240179724525,0,0.16868731802477688
80.63448873564984,250.94947841324716,72.04303830479853,236.20334618492097,4.052248908225998,149.4997906019223,52.122460214388,11.905099415458498,0.7738770690353056,9.571219251156933,1.3385642123595314,239.3792138937359,0,0.0
44.10511696380879,175.0819410978421,108.16555619207374,205.68456105227918,3.285688887355867,112.22283657570065,97.13653664968413,19.406566625788663,2.5962884463759,7.715375784091693,1.6744524292768985,206.06909287700546,1,0.39692405586157153
63.98533699595099,234.596115998689,66.68390275454304,236.7777743189699,2.9323885999059196,121.96987324531092,85.63281778957096,28.34332662460391,3.314864338513819,4.298373974328708,1.6210154906321375,234.1116291042108,0,0.0
68.86728783572198,112.07668830737138,85.73689002339663,223.579661873655,2.9656869121657863,76.90759337069453,97.97934016882184,47.65246222865735,0.5445162429662302,7.114413294794172,0.3362284600587766,227.18374487862962,1,0.4300493664454226
62.06985259672461,30.640585539855078,89.61570720426094,243.4636372602654,5.415075310848298,99.71094339053246,46.83275104563124,72.87181938905701,2.19993232894971,5.621045479216417,0.7316280589288318,242.64567185801397,0,0.047244733103939444
84.78897790785624,178.48018601768342,81.64091630490128,221.6963426074549,3.4441569916884838,158.92603933453245,60.520110610408565,61.03074170071946,3.291044223875493,0.9900585491427409,2.034543814148352,223.0974121472308,1,0.11852650305074042
56.98370140164238,247.75633192879204,26.79583151564197,212.06012534737528,1.363418590126495,81.1512124638291,71.52482518605592,37.97598618550431,1.8734875995844515,2.3623490283991875,0.6799207946138878,211.72825143892732,0,0.0
80.27217350549748,50.418745648161575,122.7760829767562,235.8188903502288,4.895547582683085,124.12184453947481,59.261062415738586,40.1398092306779,0.9586975188429903,7.048049482762451,1.5992613499141752,235.94219605638943,1,0.18942938786415228
107.44137728776649,90.94430571614969,95.09300864870403,211.40321990940737,3.157615472809503,132.46379706127362,78.37508141820055,48.61107704293752,3.2491240088066897,8.265920564207669,1.7822408270193506,213.5483344442716,1,0.6959162078970906
118.894384683701,69.45501421381692,125.14916441649885,209.24899323953258,1.259547785373022,86.44467124092537,81.24697598050943,37.551141816573264,1.2331722236220477,0.45615201116385684,1.5810262443825331,211.03012051853833,1,0.6066802786739639
103.3814812613569,99.22366958025083,61.77235223446151,216.64998778598215,2.9988891350726483,110.51949236991106,83.85025737275421,56.15085460178271,1.8358840636575857,4.252885978421942,1.7073048401474538,217.53750945584824,1,0.39600664188387513
129.30675943977934,61.77213387829064,134.27857944639834,247.7056088794577,1.597639055267094,80.53536501335049,47.10358746322349,1.7675130286500629,1.1862718553702356,2.102402268363981,0.2939033044777953,248.6013633674325,0,0.0
77.87464794356681,208.04812018955548,12.709013187290884,221.50142035148681,0.8354247304284319,149.35123913063336,57.51152655867877,64.4194867166635,1.4408650754610657,11.226131822880593,0.8116337750329209,222.91402128701543,1,0.22479106295632229
85.32874025441653,193.85608509390656,33.6658302063517,222.920294627815,2.8996137200554166,116.14562904532147,51.077597185235135,42.79138201192383,1.5397586535431758,6.398451279781204,1.647954710250135,226.79519542955794,0,0.01453340690236931
122.30471383228543,152.1761157248466,122.52337812287715,234.05422481079495,5.60507731208929,101.47141538170703,46.44656134824421,78.09375065084521,1.011952049715364,1.1994607096877115,1.549572388369483,235.60545404005035,1,0.34335164842128646
62.58338888535077,215.616984191745,49.27208142277661,231.8113261865676,4.796713107178477,107.8589651063458,80.81817933819178,10.560092936108099,2.3833111714052184,9.19222848831068,0.5151680069238769,229.3910899071507,0,0.06238823911167373
70.32022557449797,150.80582850024786,44.91209141225807,248.22145986460893,4.13327359038791,116.30496441377026,62.10649634112491,70.34014117051726,1.0008855875246256,11.289227579008946,1.8165285369507433,246.78417880034326,0,0.03578317656598976
115.52865669571783,9.46063165161849,49.46712934643314,238.39977926150766,0.5427705495938779,146.5241277250975,90.11926715835408,22.704847515980752,2.8744430696652468,1.0091548752795592,1.6956209444606747,239.9184123423243,0,0.061566621752293875
51.89136213066553,112.95963523939689,81.52592180024007,241.50371976687154,4.805197833808503,137.14465638663745,55.14816274344282,59.001683546991245,2.750421074060649,9.11099503474965,0.13254464529224846,241.1198795079093,1,0.09920319571667309
73.92547593616848,91.29389844725566,124.99078445384403,247.0417533646015,3.832095719263177,90.98086413902621,50.79415884258883,64.49629931990485,1.4442329246984487,6.817372556595775,0.36893289195699963,246.6324628036588,1,0.17548275445993022
21.944641555931636,118.74515451712958,60.1359898105403,227.6762836936784,5.590659778670219,154.30525954314436,94.78322763454631,38.72895171788913,3.2089791269555747,7.06402031334931,0.3154019320913848,229.72901839313624,0,0.07873168037336524
20.64944783073365,128.4354731704745,49.66316459529717,207.3550169056081,2.674965557314917,84.9595315822142,95.65899946929692,25.607189268983124,0.48797163831608664,0.8753489611787848,0.919188815101385,207.43345594401694,0,0.022108163553440068
103.57994416336207,7.993602694626732,79.86083104150661,246.78301680460692,1.4275545805673922,154.50409531577293,81.97706422060173,45.868411057448114,3.19872220603631,4.850099681955809,1.7964427013697244,244.6079611773744,1,0.07967894983228954
103.57451956459322,111.7096640833767,136.97846495180895,203.9216258672015,3.5078105728347744,135.1841735225732,50.067950380687094,74.92030085692006,0.8937919320151733,1.5358055799229517,1.4640113070141052,204.8384744313881,1,0.6809243596478621
43.422492427762705,36.61025474275483,124.88791745322789,249.61412134692526,2.2147892273897622,96.68881775286587,75.61624439719162,75.39241577841013,1.3759540298179318,9.298233251890569,0.44107814330881145,252.01558583148272,1,0.31780046144684115
106.38908494414962,23.875223627155172,92.80912621829813,247.15504692176643,0.6473292738735468,119.00339287271862,98.10082637743062,77.18891689811656,1.9652241266317165,10.806867881158963,0.6634636402402058,247.26910492821114,1,0.6743949626661658
84.06493753053877,84.5262425286679,128.8076571430717,213.07157957061105,5.084863561816371,87.66568508672208,67.5582937408937,55.15532044622998,2.8890786706669025,8.70673813709569,1.0774783260495588,214.7238643459045,1,0.6657406370136932
104.91677364632055,42.16707839352597,27.223645594078057,209.10770646002746,1.745691436678561,97.28603998673717,75.28069320349975,20.642366220955672,3.4125272124533907,8.289727683965644,1.4142979364907775,210.89033248597727,1,0.3174271864854788
81.92610769743507,231.84576321288446,81.2691431076585,200.3917978918184,3.8026788388335593,102.9176534434747,40.360628088844564,35.6303638444996,0.769171525441936,6.2061831091174415,1.6109708035939763,202.07141361271727,1,0.3084011740452464
116.51760693542268,250.1072783044174,136.35184630906446,242.39712396111264,4.956675688725142,118.5693310307589,47.103503977212426,43.99311222892321,3.2000144843033564,0.36195357064681,0.8799801089761714,241.28110616328263,1,0.12212348567673044
24.79403514353404,253.6993945381591,84.68460353145349,240.39236416726163,3.5766456274052754,104.03566979122729,59.51946305653105,65.24978746506059,0.7609821294397239,0.5272009597843739,0.322810264477409,240.82425091352246,0,0.0
89.88715733598283,68.2767281998509,42.80870189329314,237.34361842010594,2.0734761386791254,155.98239201151347,67.43481363213823,45.031733414882964,1.8701526886747954,11.3211890166101,1.6636013888479513,237.1793212634815,1,0.09588707515226125
118.55017930608493,237.49048887438613,124.81188098459727,249.34102418936257,1.2784094218714463,131.33141306980409,97.85096026301957,23.532673569487457,0.5070824218631017,5.753749353352763,1.4105882718819323,248.652815580279,1,0.33131335304786425
54.05637068708104,26.50065211081112,80.75020149927879,242.64229224507147,0.7117712612700736,112.1266612740652,97.09390543222396,7.461862362716261,0.39085565889050994,1.3242608439451082,1.9600001408202594,241.67400395525692,0,0.0
46.19920277585323,5.284232942324322,53.14124522386149,237.59624288060093,2.9709086098264805,136.41101742636033,90.36329982963733,79.1450578246923,2.655285220323152,2.658337510069778,0.3024186161288434,234.40199633956723,1,0.10049187686654507
77.87507576113174,134.77366219055267,37.67237357803735,221.28949491183818,4.805455766254887,156.96188050393187,86.28971154339386,77.51808006634039,1.1239552153418164,0.06331993311898909,1.895166573270069,223.37397445560907,1,0.2316242562021125
63.551503271255584,19.090909800799665,117.83893770608158,199.96525055993308,4.172473148432034,94.20682143469907,60.750062597514216,4.109560637954646,1.8173691966397787,11.350363488466439,1.3803425221664438,201.51598255209336,1,0.4201570157241048
71.71311333548596,76.82746493508634,99.96296084339471,208.07417522950698,0.607182574982152,113.5103093374575,63.97061302270924,39.80628240274026,0.9163033949093213,11.71031931720196,0.2633730814860692,207.52778162426847,1,0.6272879241680595
114.71551222793778,100.31911402545335,115.8753470249287,203.82029923919438,5.978376131160738,72.07961763682691,42.72895809724507,78.79902832131498,0.8873516507504466,4.117177873705374,0.9528195625727724,206.32514726958084,1,0.7047545641465167
60.024995102769886,135.3045290709812,83.78819134030884,207.46582763018654,3.982348975584678,148.93837864577213,46.94785315047821,63.933616396993436,0.414241169396707,2.219196131038808,0.5814385189781051,207.66632298274504,1,0.2598695794080213
71.25103190516779,120.03799092240862,83.25369422652972,211.30780476804378,4.617588719380276,129.2972054336221,46.89552812404116,13.17332220639094,3.056230340663066,1.8323483909289573,0.7819146924810821,211.30192973026166,0,0.04869801474250336
92.72744028607268,23.277974155227714,95.14326016904874,228.6750516982554,4.698130006161485,122.17781423396903,50.373518434712764,37.21541101403058,3.1309834424780445,3.468879397297686,1.6008711497123194,228.22368389346272,0,0.10887354432123157
38.55753130937274,194.9421283646534,128.4566256907541,248.93150307591156,3.121207543549758,101.14160249584185,93.57311266975543,47.24808904120855,0.2098376434752534,4.285406721106261,1.0467695137028543,247.19871521198982,1,0.11797353803315427
62.50560030039167,89.49316709602766,139.7708672469428,221.73985454272474,2.131215066638171,100.17769438390792,95.48956204968866,4.617592538056261,1.8758854734569526,4.249355074506629,0.5012419379541676,219.69131205506207,1,0.42273210311665016
116.97109580528874,159.25929178365112,97.54656326516168,239.14177955015617,4.354951753412999,134.40160967643322,49.50120697747787,10.572028015091739,1.035036140560938,4.625275263874215,0.6005745134154361,239.7593481232457,0,0.0
67.2306006184674,102.09096984503385,29.440449204739117,234.27103821147188,2.1135965332528395,121.10684552080147,97.35492584672257,6.316705298937215,1.6491769673234344,1.4650769759863675,0.20306454912387545,232.39930410883596,0,0.0
80.95977245557,225.1672759401777,74.69591436857071,214.47114153854835,5.95467384662233,92.04419705717704,77.07256104832797,30.46066362804119,0.5512359536271814,7.731316392910021,2.1607610816101763,212.64105164004422,1,0.36591352116609444
125.65497331576985,245.8807353815469,114.1142436502487,228.75961611291575,3.224315893103964,156.09470612292603,79.2810554928755,6.4510291886159,1.7231665473992162,6.113221658788529,2.139918525149432,224.4201663644048,1,0.3218278951162395
116.47648363617401,135.2303072370598,58.805643508670975,242.57482568802877,0.934958532514061,107.02363519836786,40.49317156462659,15.735870976931148,2.372821095772932,6.328750835169647,1.0364426818809154,242.14043642390203,0,0.0
65.17757960283183,40.56056381846756,15.393981905258656,227.2820579276943,0.7474055904456187,95.04716133292398,76.86037039657158,42.58789496216054,3.2137805692721164,3.1475555010724356,0.3518852493225315,229.95249546819107,0,0.0
45.83021922394589,250.6583864721719,16.325600776777964,248.58956834491855,3.773930611646229,159.99156692793787,39.877930882731654,76.12136928423223,2.774042246271492,7.021688410375369,1.9869771149518707,251.75810435161534,0,0.0
101.07863359148216,181.70531889124214,91.69541168363052,237.08335023343682,3.341275061782586,113.81779013014344,41.82746435611282,32.27289912466436,2.894316617373312,10.37690642409991,2.1549583139088924,236.12684016063025,0,0.027645762890765493
89.97858588437558,256.961263849769,90.5218374042726,219.99147016611593,2.5653333806176004,137.52011569435444,37.0561944502852,30.10845509539921,2.6993302008090887,3.938359645761446,2.1109363830126258,219.98572554630746,0,0.03865387164697375
96.16311795332709,253.41210385927383,27.93013229226829,209.97271217630885,1.137327997582076,155.47031311821343,48.55062246027174,54.32496436282213,2.3762579198535176,3.521426951846962,0.856156499511506,212.42667127087057,1,0.1522145464170122
87.66545654829083,96.53286988183446,114.27088315757786,207.88620916687472,4.722347654000566,123.48267581074656,60.301360374160765,33.426586429884054,1.1988558140264165,10.659807199884373,1.4515125452475461,206.60833926951773,1,0.5644642578052733
62.01762462779852,76.33648958415658,88.7645428102711,235.8905698663394,2.76225719580278,142.88632146111036,70.8504071788131,47.33354772296458,1.6810762245220225,0.051372659436601076,2.1545558045666975,233.89746865355278,0,0.0
50.15065418963738,117.87124448262205,129.9318432373568,201.66354187047617,5.290834537440634,136.6527555336371,41.00376359519008,6.578434166947762,2.2300880599974895,0.6744454539226874,2.1811737446108506,203.3132139814231,0,0.0
120.43759696560437,169.63509650126358,38.25233404664627,221.48573878140192,5.978254379749496,141.6416388167051,58.71264140233271,3.9947959008558254,2.7067919495204085,7.349834045835622,0.6725872247389583,218.65377459976023,0,0.09073323745263918
50.6023056994981,248.62448870453048,86.51580543113025,236.62759694106927,0.8995180583484741,130.06750092908192,71.60322388951965,27.828707816591105,2.114079947811586,5.11006773646711,1.7242691138871076,238.4394111825642,0,0.0
16.485044045610586,74.80108876294503,22.34217364933619,210.27126144473456,0.6152144904345733,100.92180443108981,96.92269430343464,63.65610159349777,0.3146602838812847,5.529367755827506,0.23679709782344627,210.40862170079293,1,0.21400965390403154
112.2230239203182,190.25813902397115,88.93712226421296,227.6630943623142,2.03318735925653,133.8799874510467,55.82653655366414,74.21206617659293,1.6021683882481652,7.76528721424345,0.8696150022401136,226.97154634280696,1,0.4525429332333731
91.28166952422796,186.03058056919218,123.13117549288647,198.95826409958622,3.8294604586389562,136.51312368478187,85.90407327986739,71.17898438900176,1.864789770816058,6.445547797849164,1.8821259737018061,200.49600377880668,1,0.7793572393205727
44.07848694271168,186.46466129462877,109.85043862036103,214.15699807362557,2.972246622476908,149.04362538186513,96.76064087812183,43.01435990241803,2.3172296538965953,0.6176849886391755,0.21886828875686742,214.17115934726073,1,0.41846495448478027
70.3135704998182,247.89306230637908,112.5446634134657,223.05024518065366,2.302304391682724,122.09344670708563,47.69191562134553,5.632517667662853,2.9071604548289356,4.145718023932487,1.412645832760865,222.40316064180374,0,0.0
100.32261267357407,253.0032624175478,130.0552651418239,234.1484830483325,5.339214627725965,105.15060406326234,35.356374507193436,67.23569218393801,2.445373645663725,0.8135314990314755,0.23996178638358628,233.55734354986734,1,0.22753321175547195
27.767946293020486,110.97831654915434,46.140947850194436,217.75844653820386,0.5296962664026668,103.60528566689521,37.42617990231428,44.025641396545545,1.9103549235893906,1.0005557454223526,1.1373956997009498,216.13013845660637,0,0.0
27.256937143431927,206.7216532641092,80.38246764758107,213.046083849345,0.8536624807668296,107.2742858805542,84.94531346417521,45.978326479352845,0.6231762063192485,7.0516432696570055,0.34815976262506826,213.81212439482408,1,0.21511780349670565
32.54190542321405,43.19927869774738,44.60601091922907,224.59750622909127,2.252436444417154,107.3545805434976,82.84872606311266,35.4250393708128,0.21172964844654887,2.244751953632095,1.038024824858057,221.2448418438303,0,0.0
72.57906069590575,75.67664745620141,35.07281733366375,233.1088335604827,3.9918454155999727,79.40366892808834,40.501236926104504,54.48154993012224,0.5328006279513007,3.1941238797049833,1.0550088468745158,233.0977961733065,0,0.0
67.07432224540801,187.91561383113793,104.84696749905038,245.74025009742923,3.4918489493406377,123.75264206284699,57.04749380582746,25.68091265873795,1.054317451479413,2.9339509074884647,1.8683427728379172,247.09901350528182,0,0.0
65.41171839255071,237.9676403166031,90.47571447830119,232.10208352230546,2.804918709928965,81.49267666953043,70.38205628379197,39.7856761361716,2.236260351569141,7.161106342295456,1.1079187574526896,230.1449898867901,1,0.1223320560873814
87.13283628042652,168.84036834783979,115.40613465536066,211.67314768084185,1.4312457439475113,118.53073464170842,39.33963891386291,13.050739313733413,0.8301545182119279,10.262611837609025,1.0946848149788622,214.10152706662728,1,0.2761343363547126
124.00068776200922,202.4333772784143,15.792137442543876,223.15103212075778,0.5532579703122462,123.68161861842236,85.37187902777796,55.45625093435134,2.645382415485491,5.188108959491849,1.1293869976709294,225.67596708154588,1,0.3228293451733144
116.46061581814928,60.91256399706185,33.32160098715737,218.14390854453157,4.85340279137204,78.55366619773824,63.657023490777036,48.74958556526448,3.4248303993461957,11.429992840847671,1.140351003181685,219.50449006577176,1,0.462942859378657
23.095576866118492,153.61683095849088,130.33286898371637,233.3328615248949,5.553091373503483,102.90488128885232,65.0829949467477,56.78251944560735,2.9666014919297683,11.80206927970068,1.7961926581553014,232.51915851147947,1,0.20033837558749318
35.39414191230447,77.10017173501751,95.06652068112642,229.36722657040906,4.415724007558402,71.16193581617418,36.37030548095717,31.643097228440695,0.8459497720626001,8.538817973708829,1.0200354166677357,229.2182021197936,0,0.0
31.918522161718393,58.15086385180334,115.50415548341869,207.43287545050578,2.4872933995681388,113.15980036193275,61.7413750863241,12.219698741019736,2.0375584429003935,7.823077714690999,0.5277351091996234,208.59711255030905,1,0.2556373209382725
126.44213307354691,143.1097164838772,23.15735891462473,221.1465878908425,4.611390602051436,114.33176927398648,58.29472548317475,76.44799393691973,1.7527267017477173,10.805046837480948,1.0159980273766496,220.96592993953112,1,0.48650427294024734
104.68516004364828,122.77030003952024,133.08681286477474,242.27575693277004,1.9341156862594078,120.79363958306755,63.334410924593406,9.018179355656564,2.621575003915537,3.9312461694602256,2.1843070888045264,243.9549119978024,0,0.029005331070723086
28.95995729514318,231.6919589309858,31.507412821933283,228.21714302212678,1.6336055366266082,76.34994027770892,57.36030620814731,27.526240585654325,2.954791745696184,9.149675144715944,1.4207936551997504,227.40589565720592,0,0.0
93.00991806488858,148.7719090987988,124.59589186644624,240.5264309920869,5.546042202951709,118.18650693260285,59.29644083322188,74.52625359155965,1.1384299294546023,0.7582324820584914,0.635788700860456,241.4719727500007,1,0.2905020204983002
40.254575076065464,244.41772340104924,103.21303431733361,242.05192781814134,2.634176027789175,132.3775999779212,43.80144920870139,17.934545461061767,1.0704676701817764,10.419856252691694,0.9294586085889629,241.75466769912364,0,0.0
97.45234769326363,197.05985713670105,19.786988453764778,218.31206623507097,4.829890145066055,93.87320917134622,41.40206502648262,11.44349182904909,1.056565835323895,4.9871081314372425,0.767012432989626,218.80678044355122,0,0.0
56.12748221877483,179.36697585451626,62.74242563898195,225.06053724469632,0.8557607347411822,109.59204754706239,80.38695607720253,14.382541649771099,1.2992386711570243,3.3932665253933374,1.0733081297148417,227.15050430869977,0,0.0
19.493220278177926,134.73504829137354,107.68765772971383,230.00584845193922,3.0027689895374547,74.87974446445061,95.37610989440577,12.37126063605638,1.8457657071656008,10.272621297802669,1.1871316003470553,234.33051680111038,1,0.12405167071440878
113.98214500461751,162.9282743333679,60.446581451645294,207.10313083237918,3.5902247563678173,113.26796734169989,58.06407903369069,45.97218395410288,0.2913250030879997,2.8318637422721977,1.2906776498742576,207.810991872313,1,0.40668891460490875
64.43411419810883,174.86861589101485,114.48942319188808,204.71173076166653,1.4472489811343001,97.19461282965258,86.72373773869603,12.6197879095609,1.4681936217783351,8.637082349019696,0.5486871178372948,206.83460594377257,1,0.5475492859562187
102.05368211767941,24.355040034407242,27.66130884083623,209.19477793041216,4.633169664148326,116.46260810548598,98.67207683745731,1.4700101310209934,1.8111492407161125,9.843199759271412,1.5614864807508684,210.9306323790838,1,0.3788195728245101
58.26270830574089,26.970931269780202,106.73977615367775,242.81120398696038,5.4503274728730675,138.84406691572934,56.409887027399414,9.204189048830962,2.301166339698252,6.258019593202889,2.147185047269631,241.12759054521675,0,0.0
65.32732916105938,244.94415997989051,101.8753423615188,202.20505355854482,1.628592776906753,84.70672067952482,56.91513642746857,78.40992926406439,2.18571776508997,0.07572754487211286,2.0323021276868753,200.9858777881963,1,0.4063856328564606
21.730258397860695,54.014084791346725,104.25019403345883,244.12866206525882,2.200320850964613,77.17240497745604,79.00028300846472,68.40627090914143,2.218293578346576,7.777900040006572,0.828360803064142,240.82561326891468,1,0.13373321735725585
16.28220529900424,177.52248500177086,96.14477445064729,217.1585501735509,3.3867981906439524,107.8567436380341,69.75810072091016,53.62221193140716,2.361451231123395,4.926036006882523,0.4367266519664329,220.65933774967846,1,0.22775591514180837
29.39748365760253,27.981062139324287,79.95280744811637,212.97337663075356,2.4405344365110477,70.15137116729636,55.46317205059755,42.14766589463502,0.9483788919618319,6.012854156793808,0.46440925891895324,213.04306760621935,0,0.11983332238835155
126.42742536003215,150.8462001225371,66.16866398565966,222.68792270242176,2.5827148406052913,128.49631447986872,87.50615395024198,18.855326544706674,1.2095552828636142,3.40913245976912,0.14466424553737078,220.49986135253843,1,0.38162006488185185
35.17818659719471,87.65736001293442,80.50848558265737,237.44741885925123,2.476844486623441,112.64689763436434,49.70781077198505,76.30789151081524,0.6509182126915959,6.909778155532827,0.9618589917776693,235.46410513910232,0,0.03213122292642752
85.19983643956712,136.6082118095042,12.845274115145555,242.05588163402305,4.154093261512671,148.94463319324706,92.54930717270645,21.77405037516884,2.1129855254431913,7.146198685818626,0.6648906179268341,244.80351521756526,0,0.0
108.49900594948879,180.1876949253643,63.229214542153414,199.65575680052356,2.6687554883661613,101.98599324656806,64.53771768328997,18.78361238664848,2.951757687252058,9.08563701694671,1.53202405377256,200.07369963375436,1,0.5034422590288761
117.68673856433342,110.68380025386688,78.56954012159962,209.34110756482477,3.841043803730097,88.84723356965776,50.639637379480746,58.47367529123463,1.0588309649218406,10.508406243907887,1.8563977128279892,209.22636485659027,1,0.6696637206979325
94.18358557848279,24.32462606154534,133.58943305849687,203.55666557230225,3.4600474456042365,145.10550144922337,66.87430861623471,33.24214644246911,0.5372997098518537,5.080089159139142,1.450341361416324,208.47196248479025,1,0.5986299055859894
15.955163958971298,154.21354091833962,68.7784140322018,229.59373949907865,5.46717554944698,154.00018912506073,78.41784015473527,38.54007588481306,0.27684482599842947,5.089787405373888,1.8483163095389668,227.01370881740206,0,0.0
46.55160618093933,153.31230572020354,92.52613830098646,206.7003579418234,1.2338539789604728,151.40360076061432,65.32067241709288,43.15169707537727,2.255258101744521,1.3033250500197169,1.6726892174849333,206.09634985587184,0,0.2198524100043747
39.00845238413858,237.59023624785692,42.87723956023721,233.53450339701786,3.244853856249882,77.90491744856992,36.74694157791508,63.53487169338287,1.3042908891942633,4.348425139278948,1.9890878785749373,234.50209029202355,0,0.0
75.92669967670167,137.01290976966467,95.80918213427637,233.75202040301073,5.264641776923412,132.41177483880006,60.37917388598595,12.102817614542207,2.434676773696652,2.052306979768611,2.0828472312979223,235.8880432014907,0,0.0
91.93689536096731,213.2432490023463,67.92834436544169,221.2721741393027,1.8538866821383966,148.93088114966713,90.27041203538954,16.45127383498142,1.0733995093039899,6.960573137448698,0.20680239849353718,221.75482266530102,1,0.42350336982363507
93.22876936330252,142.50939368098048,17.767958039618232,219.46389604767802,4.7652548373654575,154.9762664147492,98.6151120161241,45.96944538263293,0.748236904796536,9.254569847667895,2.01133656682756,218.70567050239134,1,0.3575604994703474
75.3999381101673,257.9578921850813,23.462100581751393,244.46785143126723,5.5756436470441955,79.77573270232658,48.6779925794779,33.07733271220981,3.3222478947779357,10.364728324416468,2.069392234133853,246.62318985686514,0,0.0
41.43153447977145,145.75853887698418,34.50779356637173,219.10733479330574,1.197217747890931,116.25915790036862,88.34034061200772,19.72129386359451,1.1876492208577503,7.400587965815209,0.4803538793999135,217.27343513427778,0,0.020378691333156056
108.25404222971656,28.531843645220206,70.00613827894016,221.19609037829542,0.6249836304711754,159.3493156629558,89.21302973434987,5.636817205615321,1.471075995740076,3.645023420368888,1.3572937851330855,218.079881329582,1,0.26764456903758355
45.74344570684835,48.80446559193049,115.29050600048329,230.31780346431563,3.508704130591836,97.73446166214724,58.185621806350895,55.62465163132313,2.8081997725572316,3.7958539497595454,0.5289134604870664,227.94794973453332,1,0.11890035889014332
104.80314681126269,171.06638285736318,54.365698335557965,227.43107320874654,4.688874287335362,90.15318028184726,35.303250506938916,40.403104604291784,1.2448828710639788,2.6397037305302744,1.3942392894783517,227.29748606440072,0,0.0
12.176857845409268,142.44425462712897,125.45740428218976,199.93596770920462,5.686449433165415,93.69467336448062,61.94829848301016,63.882150224931884,0.8235895966876456,3.746535078823992,0.12490355397548074,196.79073932657357,1,0.44832496341302314
89.68516902562939,152.85884091360595,86.28126018604365,201.93910128628065,5.061205980285977,81.23059143301609,37.56684337646083,22.588917876480927,2.083676190264877,5.156853218381488,0.43601238754113725,202.3256947859257,1,0.2844088953246145
122.86770845024635,163.9730671774296,76.4383083674221,241.56351934830954,3.0956489659414683,110.70605135998053,72.31659443569224,17.258732870406455,2.68260178573521,4.4926809782390595,0.22819941860329007,241.3872915201058,1,0.10748152664408
108.20463631630444,109.32023437342218,56.78239550102435,210.48553707908212,5.378020354156343,96.8580829521164,70.51214844693291,49.77861375633414,0.632216859960576,1.1776670756205,0.1481243667394158,206.07492218157654,1,0.4572504872077844
20.00335355046321,168.97629939439426,75.74455816465124,230.98401185886192,1.2784596962007266,151.14025115464113,72.10968329953675,63.88387433239323,0.6877432278143716,1.7481799642121505,0.22038653237137926,229.3482233347274,0,0.0
87.82670298178671,207.8129440982998,57.66411336997471,209.0824324386617,2.541073734454888,79.14071651088578,99.65970172049497,56.08928654852269,2.6597516537619366,6.538154729826907,1.3574929676373941,207.8134781348801,1,0.5893136170798031
119.9298593681791,259.25920652708385,15.098645048395852,240.91467582483992,1.6338600457281407,118.64964294334078,77.92374744660488,28.919832440054947,3.2484556685264083,7.641422219609897,0.7042844251099091,238.24234944158567,1,0.044024405032949854
75.0045482427612,108.04538272551241,112.27789602423115,243.87445701882544,4.705205734195679,159.36736332908802,40.66017384511128,20.179102272068235,1.4080020597976544,7.556962962398066,0.7695851429672715,246.07718602776802,0,0.0
38.9125519466818,48.37661723597053,93.03332231638026,207.86455773243802,4.389763418258513,78.12505355319962,78.81563131995946,75.7162318153219,2.9898210413251314,9.660703062335454,1.8170881015960876,205.78736074822365,1,0.5416100454779843
24.933186052104976,28.359348634839474,61.56571570891773,231.7213960864954,5.208143463528998,141.6260325066985,48.81468312542786,44.7549543360702,1.4113639209074498,0.8730374372486875,0.994090368558628,233.07966435722145,0,0.0
52.34643364482446,38.15440370068274,80.8473851996073,217.40241940218064,2.3961985187186854,80.53705472258133,76.04634320431603,28.813503726554693,2.31099439546592,1.7033162581271215,1.6392631321912219,216.8485587773325,0,0.09720687548797174
70.43433926684133,230.14623220509932,105.7737173068834,226.3599492726227,2.488007127648221,140.0836003732,83.14205481611748,23.221943167190826,2.847001686883391,8.186661529241178,1.1243847346345297,221.14244558846818,1,0.2716924269890509
64.66401693011818,139.0165347807284,123.44140488696264,248.43887909814757,1.6042004613912915,124.6929462314084,53.95964984580573,16.006036868760276,2.6359198591155515,7.055841113440827,0.4077404647006423,247.5557710158759,0,0.0
39.88799947450511,145.8788205614513,92.9593112031612,208.16148839237988,1.0688670219343506,147.6857798448882,64.446552417411,16.867287574367936,0.7097690696043155,10.344806376299193,0.5375989493534243,208.61666733270104,1,0.20906092570829404
84.83385915251961,90.54239661587516,139.74618345781627,228.6588392979895,2.4576215398339007,107.39133700557772,79.76660945143301,47.32185875857197,2.1779640026561835,10.157452669462344,0.11675016230418822,229.85494181952308,1,0.6638932085021438
75.43369246411284,204.93569813680983,122.33101947139525,201.08270073142597,3.9254473097030678,95.14213395522475,77.36551833482392,15.242635982585355,2.123471902430402,3.3550320329418826,0.2674285238311984,201.4277009338316,1,0.5751153823268196
33.72502744721672,21.9498648113726,68.13955242631567,239.78040775708797,3.0731328300355565,138.85516115839533,68.042453835011,27.613622824370452,0.43121552325754176,3.7476894074295375,0.9947274267438155,243.50026116434375,0,0.0
103.20870535916366,224.03688593538084,134.89599754164294,220.36846731951255,3.4629934621895915,124.05592931701483,71.02010055371888,66.48826391663488,3.428510776347123,8.037320274874151,0.5033699437440567,217.01702073761257,1,0.7492067561860014
85.28775510726307,66.68582374720509,24.36549243981844,248.1450296989101,3.0910588981589724,126.10661073595114,96.86023030715167,38.32644021401346,0.2607784730431693,4.376322172326449,1.4587902932946766,246.0363471841815,0,0.0
61.134966605596965,97.55821828430162,96.74457994531484,233.09952834674255,0.8305486070538726,84.33075720037483,95.60514598725985,22.637175171875903,3.2013370960578547,7.650397209134322,1.072735071419744,231.614537105405,1,0.2347480588724909
80.53932464178018,18.86942421676655,112.87552668185387,211.47433568864577,4.767227514366156,84.84390572261394,44.157103037523115,67.32052220459492,0.6583623611901511,5.010951606969716,0.41041362286871574,210.28501992956333,1,0.51383529305648
11.62239478518238,140.16881089672083,97.661222477731,198.53411641892953,3.0122408356779315,158.3924988727735,68.3077002198333,50.05810642895929,0.5077047427464789,0.7301309581147479,1.6011610793080069,197.9071712484384,0,0.13564447867751905
86.93719823620974,194.22156254245098,84.92339302495544,223.674090198415,2.0200821718422426,116.35495779770713,64.77256840610124,35.03772603437257,2.124298190541208,6.19832106385573,1.1899993396463944,226.38610443488935,1,0.2794637261525046
19.45575306434943,121.92767312301902,29.415331332642868,219.05055463216428,3.683627737377169,109.44571049634408,61.56258822324874,12.782923607589165,0.9312827744219578,5.787142220852255,0.22904072689711935,221.28056872814943,0,0.0
18.201578017846156,106.52229197950544,112.69235752360423,243.47735420819882,1.2006483687265708,149.8660740814846,63.076753553016545,63.03148310114367,2.0901457282232268,2.383524580526989,0.8719584909414602,244.62295856411822,0,0.0
34.18802127201082,29.83013294218652,126.25849758627679,230.95421500276294,2.088190541814962,78.01410765208563,81.72459404675422,14.660109844633,1.8262639549554172,0.27825090658345,1.678081068550977,232.0192922227911,0,0.0
42.91770508359976,164.11625016524746,85.7524618819338,214.41372764619504,4.8570150618449155,92.35031637894323,63.66565492661129,66.7369231962615,3.1346565775096575,0.28403542542626514,2.158884452143851,216.09669339790338,0,0.08223422466171722
110.95512974830118,102.17224005255937,55.532499934878764,241.00251344904407,1.2054877023154855,85.08342023673919,98.01004860367576,31.50205290409084,0.9174915357272271,10.959216882327553,1.8774714709381188,240.83017028912678,1,0.2805449324655968
124.33423005305056,188.21005825555386,48.6991448270776,200.91110809729304,4.036979740911954,124.69021076145768,70.9171145057487,35.395958565719454,1.0176572551038472,5.356933144436518,0.4240784173055171,205.54533810590868,1,0.6023318708716805
117.40563972632356,174.89182265517286,133.75372407037798,232.41131020289285,5.070661978300714,82.17620812958216,71.17578820017556,36.41554407013064,2.923121248260877,3.530011181755486,2.027711398460855,230.6217087811806,1,0.39706006055093745
109.21266477095185,221.15832237833803,77.9487975083897,207.71406011496578,4.852490815690193,71.10848756524805,77.99637438575624,79.56976062589648,3.1402739858276125,7.494616928526163,1.7650139641631815,210.66641621305646,1,0.772230613868831
36.6567130465798,112.16583863728103,129.31176790754313,238.85195738734583,4.142324263501807,114.75869513906758,93.3578576682891,54.86110147841024,2.1586947339459233,6.155357966361798,0.4028234427363794,242.6496507929862,1,0.33478470901431506
26.269680520391706,43.36688207482274,122.24702788064303,229.56028607707134,3.9082213598539863,150.5831849654855,38.64984049679164,31.31979137052251,2.5574453386339595,8.256703324559252,0.710506469351555,228.82676873454167,0,0.0
23.699386607720506,192.72174259813568,41.18223630635847,236.39732426994487,3.015612900364651,87.03460946319474,54.3879565298053,46.13359810533786,1.1636010361823481,11.812545647390564,1.7588985108931985,237.58814271550455,0,0.0
51.23457365519816,146.5501923865558,120.02045072826685,234.7821011720396,1.1946117798447675,115.76405574979104,87.00514872425325,34.26770032880604,1.9751111617031387,3.8969165786940527,0.49813939652350503,230.9065890056497,1,0.16543318506093274
92.77793501580437,57.29757562158534,70.22886972139491,230.82054429439424,4.847292681277612,75.08342535749927,66.98522122725237,63.53111319061526,1.8003281572622702,10.70600776030711,0.3111059187020963,229.48559859287468,1,0.4261651534997269
31.95667390986769,33.20981471429519,24.463019290966727,247.73780335306498,1.9816636369156653,151.99095228569962,51.53883142368824,1.680815742073083,1.3847416282055702,4.8480311654970425,1.316781707209529,249.62262250429288,0,0.0
28.169642111503133,18.45611280163982,120.75530226427372,204.58243978722606,1.2611843993449108,83.31221839446964,37.54288917052095,17.08763917256463,2.3691431962503953,8.913602815691597,0.8535008789568214,205.84075996612296,0,0.128448782490276
35.38446773257381,140.5001345086434,31.5269058906176,198.4356315227114,3.5875836931243783,90.94561956768439,61.8470881576549,50.08792625231912,1.7126060431594066,3.8268747267893746,0.2500707198446776,200.0082181084814,0,0.15768817359671272
116.67416373066204,200.21476355251804,78.28521924830456,231.72688850639366,4.211400891462588,119.15168416062093,84.43202687213757,33.56373621887522,3.366177948134479,4.213849106728997,0.8958683581069856,229.44144441539356,1,0.29379217353669473
68.34507487651712,72.8626182705246,60.738366850754986,244.94702008238085,1.348842062161843,148.93798654991542,52.237999630281024,26.25568685849279,3.171870356104935,5.816235690120009,0.2748825504868786,243.97610612675967,0,0.0
88.95457162912936,239.91183321775802,57.42197772386791,211.88326197447435,1.5920133306499376,119.68274881545796,72.1872832524649,12.076248331549921,1.1759891227955113,9.030097000435505,0.9120784201430686,212.66396018527445,1,0.2934341044669446
12.409192350252853,241.68995648490193,50.70571382174177,232.39955537096193,4.751823731340114,108.1581618665594,95.1361055797891,16.41553216797177,2.5244601436617313,7.283963436199863,2.072702860937565,235.28926751974075,0,0.0
69.11635300203538,188.48080886135222,12.917865228246946,207.62077749784947,4.626862497732714,128.67700235932946,67.61991143747639,18.234228622854218,0.8607960785298356,3.3273800775235554,0.9197907387027777,206.73724856849222,0,0.0
117.77401447022567,167.5856708655925,84.38526705459343,235.37319449049454,2.0186332365728106,119.27747991029968,77.78086235578051,61.49312700292129,2.7025940302177487,0.83184013027335,0.5593549062051062,232.45065425036256,1,0.3307190951784045
62.850004606341614,254.1993654358822,103.78520055282478,221.41935212346635,4.6735877268148736,70.99427128657173,50.801115520768874,44.455372920653204,3.074856798313466,0.21202482689895996,1.857502577058958,221.3428065998228,0,0.0
51.82533750162976,150.10865230664058,29.146803612499006,217.8628729830762,4.437613896011699,90.88274392820058,75.53138569923081,79.63233198407724,2.5745176753034116,4.884227653293767,0.28237000698920955,215.0227220716343,1,0.2620717868729477
51.56064381618521,171.71677988841915,108.6427036375782,237.46108173789972,0.7960493978628591,100.33535641896313,62.30324054612818,32.31767351404106,2.1439676262870964,2.818383556523265,0.436299757882901,236.1753692450417,0,0.0
12.410518929380402,80.55940891694505,14.476535030557661,218.54497598453003,4.266272947846769,119.51301987026591,60.66628463312387,37.795391162466636,1.7407651007943037,11.05764439629834,2.153776915441224,219.1748474313299,0,0.0
54.793195007952164,137.72403093837073,126.54957416059698,248.07263461861058,2.0023201578975547,107.18475543413457,91.54026162426098,30.289440688535223,2.5328124784165276,9.878431177231718,0.8117205554323674,247.1117995777319,1,0.28375921759913153
36.36224728452409,172.44033835167974,113.18437973698141,212.53359906237873,2.0916530597471867,88.8037209587842,90.66497587024492,54.37955806676466,3.4307966221867683,7.112428951860856,0.650548542966756,215.56698249673244,1,0.539028953873476
76.68060803166534,11.814079916995947,37.078501335899546,232.1372232547546,5.732096120929559,88.0186718272289,60.821697584624346,46.115868663903825,2.3417078810600525,2.519277739217816,0.875176240259932,229.87324431689646,0,0.0
125.26684537155593,132.04470213661108,66.41009972354878,226.39977411257715,2.525577881482462,101.11795427454078,81.3549849305161,79.07485292756677,2.174179339847047,2.3610353156118906,0.246802290406547,227.23458971585947,1,0.5803855931894308
83.01740882189915,139.75177367560423,131.28505514696874,216.80061599079175,5.001961901486755,141.995819903467,38.786275974120976,11.466758032283035,3.049487664024171,0.4845122478913817,2.098488792196015,218.66114837617553,0,0.0
98.61598864551068,210.63421989124572,29.043244958140964,222.26995338450038,1.3543325652778286,70.6366787105406,68.88699553809136,69.81405442394761,1.2636341749826865,1.4974170928419182,1.4399537352906022,219.52061316592935,1,0.16918672431595977
120.86744452152519,257.9696364065095,95.08118401295825,220.26603069830557,4.622565377132401,102.81122770766737,59.18858486129356,53.11887502920132,1.7708209934855148,1.8333550215292633,1.6578911343910323,219.40488578037272,1,0.3505276274617276
24.41187436961657,186.69276797058055,73.86644847751765,225.08498718667616,4.560243911662234,110.91542213373302,92.15651220159222,40.597062441092035,2.0304878897846255,1.1029944203836322,1.8313757546808553,224.84034139098839,0,0.0
87.52733296209841,215.92253412051375,12.307129261278291,224.1933023537723,1.5019931320215145,149.22566212079744,93.24355051563847,55.23440608398448,1.4501794653207067,5.483073215270876,0.11051499410325566,225.81967407604623,1,0.2694507367839955
93.51502052819842,136.52658896118373,129.42770065698244,241.4606701902077,2.3449838034846993,106.33158868708587,79.04179832447237,62.41835883580289,1.3079804295136992,0.476001597353064,0.9253983361147573,242.9714835364927,1,0.2899347324401929
74.63165833183626,37.16487346063202,55.640703973555134,208.59884752173895,2.1767133285157283,80.12043253672128,78.06787386831382,35.43229528701477,2.048417798675371,5.265215208179473,0.9865123234522871,210.75137590180378,1,0.29325991883049535
104.67036669564375,209.41437193174673,108.84291261057453,218.80157042717687,4.754862968324122,111.04686381032722,84.82402038552843,28.72931549200232,2.220056622625846,8.753467072408384,1.72639712406998,221.6356718085056,1,0.5524566519255995
36.896430357304,240.11001283207077,88.20844866912768,198.00734145384038,3.389661833462933,144.56022968465786,51.0088381956065,62.15428554439968,3.2979028546530675,10.998473965040372,0.16694369182626595,198.04268732502737,1,0.5296901457538711
42.82353814463284,202.75696620571392,38.59482271266197,249.3619654357392,2.5180787530691737,78.20043405014607,95.81036820194085,67.18321298156769,2.6362367656595733,6.462408595279747,0.2676491701923174,248.3016676791753,0,0.049027878827473545
29.36837196779555,225.3719145509503,139.86516952623614,205.7440218946881,4.570314797664006,151.00831816837348,61.45860513578586,54.570680900933056,2.5223280401319093,2.627432546858993,1.6869944985325656,204.38731155344297,1,0.3808619312173911
106.04757502282277,199.26799231327,91.5312243988912,200.44270416822877,4.43411108037232,130.67347372154046,42.50641538017891,47.87391019296823,1.169653280419415,0.9933577115794145,0.4004039642271511,201.18428452644488,1,0.4844833277033355
41.20751560803337,5.00860218123916,103.9405629782915,231.05748602970445,2.9809474335291237,105.0957650728468,63.15303702859875,53.68888805863059,0.9477550619119992,7.682137212998839,1.1905979603236858,230.36808859776824,1,0.12154235491338539
79.72215973566213,44.69314917662854,100.1066637232754,214.76833316153787,4.638451684319402,80.15728749609745,88.10013042633119,29.838098555564308,1.478070113531592,9.802438480110663,1.130625764999679,214.07923370544285,1,0.6059796608995431
55.43277984082211,111.23873027313178,20.127894412562988,235.9469066370268,0.6152214090089476,98.03539941941912,65.16351861745012,38.40827676487602,0.45103485191327114,0.8742172259406349,0.39674140852536544,237.87319966840008,0,0.0
38.53648287335019,14.31488579700729,131.8867592304556,212.64626027930296,2.173484364877272,121.0053852513068,91.97068041600986,20.77737817188888,2.903902718300345,6.237091711202362,1.700625368571711,212.63179835203792,1,0.34838973351838903
29.181328570519405,40.92858957344461,36.53914186879066,211.50550114045615,5.47310770836563,136.61648415470563,69.30625334988305,0.22446356421630398,1.682588550911827,1.3808566097225667,1.0990500482061931,211.33351477543027,0,0.0
54.91239151034278,145.7301147948264,78.23961798236891,210.99426657953066,4.821753348897376,93.94785002252438,58.2354538907972,25.62666048509876,1.544164657679642,8.751972870971047,0.9568489886926708,207.1745455265022,1,0.19668445481627697
37.64762999580729,61.74034673639453,50.81277163518639,215.3484091429081,5.9952602977032186,122.49108107393889,88.93934890455259,17.522685966868494,1.8473299060278514,3.900131645742356,1.185118446130329,217.9043430541118,0,0.033173855853081
39.64707711830307,178.7798095081503,101.3918204051033,207.37831092797867,0.8318518639477679,134.43262283765105,93.2208411992145,57.183879178612216,2.792261014558294,4.059349602222629,1.0796592936077043,207.42384004201082,1,0.5210984674405739
41.90642294354919,225.55499309613745,93.35994238398351,244.05551433358053,1.1678470587553518,122.38898947129579,41.43260469616507,23.108102200374702,1.4501251779307391,4.625286981449879,1.6955134540580221,245.61521141543216,0,0.0
110.77701908130206,194.11605949295134,115.40986862297028,219.48139406731588,5.362641909106509,128.40038092852018,72.21337397231498,4.69174573116244,1.1880940072604829,4.94092185109634,2.1269054597509616,223.21283813140082,1,0.368744814499125
40.15946625509391,165.94926456205332,86.25664874811591,211.1810592040365,4.41834241030949,157.5422194442877,39.959196389538576,6.309368479344677,3.4400938678943356,5.4815396130156575,1.2102259348185744,209.65703799524076,0,0.0
99.07051020887978,79.81308701162436,100.6146685422948,219.91379566118968,3.2841987849363554,116.52401675507834,38.34241287741546,48.42059838521111,2.6808658905758707,9.220031393178271,1.1302034701950912,219.4775144897277,1,0.3652497561507164
96.32056546172673,243.49005696098064,22.813799090554383,216.94852025080166,3.753242074864662,117.0354960765086,86.99720109375036,69.67538813888477,1.0403133590932576,6.142230614448202,1.7841983393043523,218.62399283465325,1,0.4109719609761407
47.95117712929641,29.984332105365162,82.78681872257434,214.3026896501461,2.982974042962273,100.86715007957204,86.88837879086502,29.970986813947267,0.46229967741018835,9.966239452161238,0.24526064343961093,212.51249172673306,1,0.44623510473791017
67.50559779678689,201.9074003944522,51.56719526348364,212.58718629421725,1.4955917481865133,142.48173120377902,83.55126605326835,66.99504475549638,3.4036151732797055,8.77290936494517,1.7807955366616972,213.233909289283,1,0.4100376314204427
74.97127442295434,130.73895132263195,120.63918909516515,209.65169984839957,3.646661827077022,128.49996455917494,65.54317324671086,31.245656256269754,1.5018606384616044,7.874122210824726,0.5462846270599568,208.8073449172776,1,0.5630857551560801
116.86269609416323,226.87027718050237,32.76209643019355,231.67432929736182,2.400140600660581,104.76056626954067,63.817251196989005,51.83574469466559,1.2020811680237775,8.606368395341011,2.030616513717679,233.1749746562667,1,0.1998442616175252
92.5363143666436,13.166477878652067,101.09057262572864,220.59149254642605,0.7877230090292515,74.54233801276456,93.33159290419229,33.10528053116418,3.3583148960011115,5.504059635042076,0.1825780872961727,220.5580111005728,1,0.584867588821609
33.6853173567511,36.795253454345925,136.3648342591525,198.0000890807144,0.7776734046346013,87.64020101670485,42.59903023319206,72.86263266248957,0.27753192792407927,8.61677741583783,0.4210865165886515,197.063777856053,1,0.62471713291842
55.471335111507855,44.570433202277755,40.78971395765646,199.08131990846513,5.765404938212357,77.21324007448835,35.90817581689074,59.49638649115974,1.0274159714625393,10.486033024126941,1.989128840487,199.8833699471204,0,0.2515194920967474
94.63190918210722,34.7536255390128,56.45360082605859,201.6099021403258,3.435493678542875,143.714647273294,43.43441580347396,12.427345158516676,3.0951437239825097,2.1775788934435893,0.6332184570198581,204.5751958580667,0,0.07829793002693992
79.61284664365472,187.93032630393034,94.65930820482492,204.01397591634702,5.6878747808583014,104.36689040334767,77.30964477221161,66.49989476065456,2.154676203751941,11.751977725838845,1.969716693517245,206.2975168641868,1,0.797821191822316
100.18845451544699,247.92241909632554,66.56627499123432,238.66367413314663,1.2383746690452884,95.47911785500695,90.44263025003846,78.08808194780849,2.5758687128451343,9.603944252202162,1.971969844666514,235.71848307815947,1,0.49337911439531534
27.41230083727492,157.69885121145626,20.03511143923731,199.29264557509072,3.8253339573281093,75.95188963930624,61.09054746284943,50.545113133297335,0.5031867982027958,5.382852033718754,0.9793376959491604,199.73240228865552,0,0.12643496765481593
109.90775154366438,71.5813548052439,139.2989604961768,241.4478948201134,2.553932611246255,133.73266570567074,39.988436187656156,38.28872777429585,2.6810225133850034,4.143720657099886,0.5236060472264367,241.74866222111856,1,0.22972167656346973
13.280547906275363,7.872375317674827,42.652420118031266,217.22889239600403,5.5866364513566475,81.70840570408261,69.44712115609298,20.225025533148262,2.6377887952620913,1.6066929056798815,1.6813060909958666,217.30811641381192,0,0.0
127.59734533449864,60.2524607139514,32.23548755572058,249.55070875666132,2.557485870532715,87.66199169924425,53.0227511138363,48.27050216809312,1.2206170179798645,10.943725028957559,0.8497743657011496,248.00010327937585,1,0.0998587828597108
95.48101128233036,190.26008352669368,49.89765030505936,206.4230839626285,2.9021583425885193,122.48380836112418,40.20083304106578,70.1225230140891,1.1073033112797228,9.406386218160758,2.1475257074014524,206.8107034329803,1,0.3458326476055372
81.28525624775827,143.86205594311454,71.82199403448428,232.05823777456723,4.593575287816344,126.63549975087858,53.14413248875755,38.201091207453146,2.6864522629722134,10.811150340100795,1.1461444417275775,233.1505991589929,1,0.12406938803074982
100.48328344565779,121.2700973795765,93.22172184608752,216.69574978508214,2.7929178979198257,99.59282421042451,39.946599201346444,18.441324979930556,2.9365179532331864,4.021362262748914,0.6081453200718723,219.38400591925378,1,0.16174094438082115
35.20708561947943,77.04063755573254,71.3420574764888,205.12087739998339,4.812041246980856,98.8855109338127,82.23750237022611,1.2257529169595127,2.8735908879918175,6.4209968764911025,1.3241104478138008,205.40051854623957,0,0.06949326585260042
110.32014211394949,133.92041472494046,33.33622100801409,198.25773476825697,4.737271635685581,106.19545661115801,44.19025908999789,22.82959488892944,1.0473655955973946,6.479251361795993,1.7248436125211728,198.5110628018487,1,0.30486484963946103
21.170555402098895,231.50379163158655,26.701779673249906,229.6681438687569,2.0048136835472414,136.92886796537738,94.83797883919698,13.057418897434143,2.8036120283238146,9.115627945424125,1.9928988560135186,231.48752089089928,0,0.0
15.397541790608242,66.81374247780074,29.112378094425765,218.8959079187711,4.656910168237633,117.88675868056154,80.56286987321653,24.542749998391294,3.090376422378629,9.099120170518415,1.3519307871676483,220.766964565362,0,0.0
57.724835321758064,225.1981467057348,138.8142887514886,201.72513084681722,3.527104455273788,126.02562405137152,45.98422924986737,1.5277654331098933,0.8244025392547285,0.8504354653086428,0.4912808528956416,199.1875546998048,0,0.18119558428357718
120.51140056959218,31.03889673736384,45.3173199738171,208.91019762671436,1.6388645110374065,138.10496838500217,68.38890077322596,35.01502988442305,1.9204157772007275,3.6865394459211025,1.8762840178472542,210.0180484001672,1,0.31695984994737103
99.68236881287754,155.23876973127446,77.17521178425969,215.3037424525982,4.173941857012663,94.3636085084151,44.96458678196354,65.91526786887783,2.2602327826433757,8.006933986405208,1.9745801035369452,214.70752604563455,1,0.349019523171971
109.40009266453788,223.68496643261489,97.82424865032928,244.20496813366293,0.9119140486664421,140.20415897266835,97.08017520356594,16.99523915767771,2.2461525433275553,7.291137302674668,2.15734317971681,244.3152334011271,1,0.2409400318924808
82.85428501458935,26.08757217469314,88.503128288671,240.57515111098812,3.12340270905652,154.56567829577253,52.87010652686172,14.181390720383469,2.894414260146482,4.350533666154163,1.6484596433755039,240.7537455234819,0,0.0
117.09219198775838,106.64836026224971,115.23660340903479,219.3426231876152,4.589001088960978,117.84779733007335,53.1159119456451,42.154439191122854,1.4782465993670908,6.265875904136472,0.3220964096683304,219.93555729411767,1,0.6047129999665148
51.5693782139263,22.98824718020022,84.87863974916094,207.19141451690615,2.810399151686305,140.7801590918275,65.6741099142079,19.79360878791807,3.053519394896723,6.139769458527795,1.4344708649512516,209.57065139389746,0,0.16821432717111948
64.82567680568806,220.4419376121955,120.04491965657253,205.53120282347385,1.6804528509553105,72.98082677019349,92.5780532591202,44.1369694291101,2.1023687620974663,3.7801664700514244,0.6966178986256496,205.19558171783865,1,0.6841305966589224
23.58184996576584,181.1638680410246,98.93906189744858,209.33737690135794,3.456501290636094,123.42318374819266,87.96525793702091,34.38146667019556,3.3309792069285176,5.378496754125097,1.2854908960725195,206.4707432323216,1,0.2480085739772477
50.7084924953995,176.81870168789447,106.45486148986089,237.64567872695088,1.8632832278227967,128.5065581347453,85.35911399950882,36.56300106677185,1.0587683657622338,10.2072938961122,1.6946566027673007,240.5183737736785,1,0.25826634458484754
81.11968123498569,11.476283760387691,80.05219455660782,235.2254636959836,3.3898693648633076,113.84686914019764,48.65576061822364,36.60023995098573,2.335339976347393,1.92085592403382,1.9836522304371103,236.70651874449564,0,0.0
105.5497470038079,46.356711244624606,23.160500477528757,205.6840153150727,2.7366243272050688,119.85468897243058,83.85940334072995,78.54293877816576,2.183425252119209,6.471285810571799,0.7507350698960413,206.07581110902802,1,0.7250947719881795
107.14889311352394,181.8589873152666,106.58699703407585,210.61058813545034,0.9234999818715526,139.63756515505912,66.43873685027242,44.88922450719712,3.1074821515257693,10.884261736967334,1.3734708451295408,208.9676488880438,1,0.692995792636753
69.32474366105836,33.56402754798582,43.84471082549935,221.05668761997376,4.22147962915146,136.21346652471826,64.66041236737958,9.598864644744873,1.3078917161794952,8.734929024913052,1.8276084759198976,222.35561613397343,0,0.0
13.348184479786704,44.955140612701875,133.0825232574557,211.8939731756849,2.1603857313002925,158.89243326244315,48.75861361379016,42.836178308351656,2.790095147977949,1.4759151803461767,1.4655540558924804,215.3825666174244,0,0.0
109.2578030216845,61.189841026147256,40.868449594005895,249.74731479910304,2.445587874138111,154.17180918195382,37.639172357167766,9.682204143026132,2.9424461354764264,3.1172170157125247,1.5200746616815095,249.20999942290993,0,0.0
53.59753642376424,148.71556785721037,103.05691358604331,232.05658919959893,1.653583787058302,84.96444269751818,77.39887608526172,35.27872764606818,0.6829859868395514,10.619615652258048,0.18028621687983687,233.43915958607528,1,0.36486668719660004
96.32760392012639,179.39775370047968,78.37689848753713,215.94376160234904,5.141716013552636,145.19509825519475,55.65125266200735,55.107340724309566,1.9213454013751072,0.6838760780661408,1.9772105707257737,217.26379460946544,1,0.2304681719166347
25.105037738201066,221.22748147299768,77.08149428932919,248.35233754315516,1.474506294336679,149.54655472700853,68.51969893466935,39.65663142702259,0.7275420857999222,2.8922269363201223,1.385223737540153,248.06789528992175,0,0.0
111.14456324740162,149.05910123413256,56.603999480867195,244.46494146184523,5.247788301831384,81.15488978189131,86.18855547913199,78.09448129545382,2.3954008016543087,3.0851243993818596,0.8715513544402784,241.04706980285218,1,0.3295087027593642
36.90258521268576,101.8764518377696,48.85562522958243,199.31025625512697,5.151411123031819,98.06314790094072,53.819683831596485,32.92789068878829,3.3000749452696887,1.3729833639445475,1.2679229863029633,200.3629350787539,0,0.0
82.80148942092042,46.211636450784276,39.86157245615645,223.63447029173415,2.2294436720692445,98.55284519191837,71.73103833340791,54.82870235880241,2.5870988291346744,6.819395356041277,1.8927755569459874,223.86600325651287,1,0.15344077755806348
51.67117436560821,145.4960397250691,49.03695045953899,228.51331956554117,2.769550821691399,115.0952787878144,88.08572768886597,24.540885271033552,0.28532887133519474,5.811947837811724,0.6748814943830628,230.56745999209278,0,0.06745988551460774
117.77974241426182,21.190145065484764,121.94271433255723,199.20686864130218,3.888917556778341,90.13541451048565,72.08750032811503,39.24745246402426,0.5357267184424126,1.356258817890486,0.6671090286545406,199.77538342455685,1,0.6720608536137674
102.0320247741738,205.12450703674224,89.04158600607721,234.4584126398493,2.0959826420962155,78.36262635130907,67.63771288898607,38.51793790551389,1.0260633239656025,6.093228516268848,0.1471122907553686,235.8244417422784,1,0.2617053143917224
44.1553889426713,97.48169196710326,14.890452671784447,223.94314153154156,3.4193496213700874,156.94765789969736,62.61826015715819,16.127690579953065,1.606571944127536,8.258188324576519,2.1157927442545925,221.7900592581108,0,0.0
23.731947524849648,67.48483764236286,135.67324917225818,210.497570068936,5.1234466904133145,132.3238723055497,91.20020369734418,5.881319435969159,1.0171868573822225,11.137769325122195,0.22256143482529375,212.7815613128229,1,0.5216722366927972
114.35736330080627,34.38977077565716,120.77026939840373,241.17756223206987,2.3332660302099333,83.77199044691082,93.68571915300416,49.55694876789227,2.6951156209661886,6.590551727354972,0.9217794205756435,240.13827192237085,1,0.5570986007827743
71.77965324825105,161.02915130037846,36.35924345029144,204.68540743384756,2.696230881509363,96.91747907590738,86.83207011180082,0.7078977642467343,3.1926500742220454,1.9908153606360144,1.4639815475257987,204.47740941359933,0,0.0006026175245229734
63.22264789993658,177.01285576357074,114.51312289613823,223.45374276868438,1.1153026965857529,86.61445961934919,77.44733452947709,65.4291840189624,2.655927601608378,3.779976746632969,1.1590346631024537,222.7261712651171,1,0.3676224145416138
59.65678052832559,43.647754425327086,70.33416917901476,211.7397443232525,5.187434103580659,83.92244769730557,81.97258354606207,15.28769361419565,3.066356216390201,9.4951203710313,1.8137277485355405,212.22040877751877,1,0.23025965513530225
76.82823810231683,240.95186023145942,39.529542637606966,240.67037873957543,1.6336284849683809,82.61241257634379,41.82495773331416,16.327831438132733,3.168548916755658,9.66871747753177,1.2148581889197898,242.6971775002385,0,0.0
95.06567561667961,44.882956433837926,76.42929575406878,207.95496450207017,0.8206096599416417,76.7299307873054,59.1565742725077,36.324982969668525,2.920555504557869,7.714765545228206,0.41020631194767543,210.5160304149085,1,0.46008333696186116
57.0771216825736,35.31086536564683,60.007677471862735,243.37978904601053,3.6261234340215585,111.86357833040296,95.1328323174177,75.0795547850264,0.32351235805301193,3.3536684562996286,0.8078195811195692,244.66411986491266,1,0.10376017390667189
118.19850480828299,209.20381975331185,67.78998680716376,200.2566188056837,5.53547666162594,109.43781174398369,82.15589635910176,61.27221075067712,1.6915048245891222,9.97730310052901,1.5028186915410104,197.24616126265624,1,0.7595287241870159
15.641274924662554,155.81680669091477,43.80238012213958,247.1556519243261,1.131430233404438,126.43444411997396,65.82640843081134,69.68599789450266,2.214263497256459,7.896743232004385,1.1118737913166004,248.1513344319775,0,0.0
46.07430885715815,69.98307063691269,126.83764789029324,231.45945874663525,2.4052921676118895,112.12018127061174,56.449848885245004,56.49728005249786,3.370486750122386,7.468816558566903,0.4733115815625585,233.90065841081957,1,0.24662267390477133
48.779921580248754,202.815225092905,104.16642336038598,204.4104091355831,4.286355583918877,155.9040731219264,36.129088558260634,53.09062402826904,2.3786589816944574,1.0720510813491257,1.3301653943305052,204.51503157740228,0,0.09971450982546687
99.75638236591941,82.73343346079429,50.27912404377442,200.25896574071098,5.016781696554486,73.99597910500813,79.14479744652208,68.27051324927365,1.4011522442675741,5.043158176163335,2.070251610144132,204.44397427781516,1,0.5910222535808728
68.5753980816018,215.2207536684706,39.31431813312018,201.13732106181382,1.5431957554971718,74.30552690443963,75.42377881825763,50.60713040866821,0.29769477047898474,0.8290130960974045,1.142001239747536,203.14271824671624,1,0.22758444810842468
45.86049286790165,195.6662184491216,93.02051316117836,219.93278794620312,0.6766901246494783,142.6706306826257,38.44873851911643,75.81642994856644,1.7587030725710648,11.70652541200241,0.36461324323011424,220.20239617210396,1,0.4495909140705651
114.47990714567054,135.52841106055635,11.352049826595499,228.3281379469902,4.9591447923483125,92.28130792167659,46.72684491496702,68.56326551699236,1.0153789256725667,11.668384320786977,0.7987081205227333,230.1981540803918,1,0.26190209860626174
118.02143671280186,23.09853847755995,33.94721891962529,203.95244963058335,5.6713270611358695,94.34544751310673,85.14445916824386,20.63126928222627,3.048831630851695,4.7053773560194,1.3595059170614694,202.7221036852925,1,0.39678292307473556
107.81751322850181,159.45471204372095,71.03237628486514,214.01223274224984,2.44761687420157,122.87970968741874,98.97685617005902,49.550970638575535,3.1503281110813504,4.900980873664943,1.9821756909044002,216.99088577153694,1,0.5739830091158528
33.10961225506039,104.94498812781775,34.82125179508889,236.51069854326641,1.690252656323318,101.83078864915339,96.71686732354408,38.865816740088775,3.1394742637443933,9.60496127212277,1.1202075274484338,238.57713592125575,0,0.0
15.78509268116775,165.45090170138923,99.73552913010019,210.02689263698613,0.8180212854809238,109.48313017263395,80.97280048902596,57.68702720458475,1.4936349139783742,1.1557870739805831,1.405814249361999,209.5261612978586,1,0.16623553199624191
117.13913042244171,12.629227958210409,75.69325322716413,212.9426473803026,2.9609268739048296,71.08334001144773,63.623219958768445,25.540799116837213,0.6921716844836037,0.6222299860565093,0.7697287173118952,213.75554151491133,1,0.31795869528363857
62.773670728671206,71.2029114508433,30.373591009683143,236.31946396481845,2.717099814014664,128.91743993984957,67.39673536245188,15.501333935782275,2.3494834032421728,10.84138484919179,0.37024913526915615,235.68070145395018,0,0.0
113.51694557688025,254.2406940193693,31.61030627055399,201.29166586594343,2.6643137549528038,72.72702447652502,83.3888398895769,8.11781381618319,0.4158821943458251,4.368151093367429,0.6803252807301023,202.85446901440636,1,0.4247565369419528
34.393586603966625,209.20576970633925,87.08643435244035,211.5190720722763,2.2640042111627503,75.40055630785152,55.166519839686686,39.1024746871969,1.3816740468118152,3.5877478111320866,0.9453206237276743,213.00959528895308,0,0.008014102431781835
128.4009572964926,92.54543439046458,20.785898542652692,219.32132698090703,2.184031892237343,77.94136970206486,48.7457006804895,22.837637061260203,1.8513746099184405,4.31661857340316,1.6055351046024071,218.57121467605498,0,0.03833289316312781
40.52396000495439,205.48902678116056,70.67313028794533,204.30819579038683,5.52249736714721,74.71237701775716,95.71662310148741,63.97258834140118,2.8638196643747897,4.065974483103052,1.2801485918540847,205.5930668523764,1,0.39381340867857606
92.7106413691243,78.66743456663322,40.110483372940585,204.45202401171844,1.0037421482436606,93.22635347148292,49.587507850912296,3.110829581921104,1.966626560860913,9.297286400195865,0.5371933704129974,201.20607797997505,0,0.18355567922594035
32.782765578579365,125.38056173526701,58.733517441770644,236.2205023757951,3.5472335592837325,81.53892158346798,46.63745997555984,35.92105156174686,1.3524899523327105,10.773887923659563,0.6090231758129515,238.66594510029185,0,0.0
102.84119663668245,219.46041253424957,89.2366714761284,217.27418071820554,1.6458070269311507,86.27728809977674,69.76333879733997,33.41711073191619,0.8158270139050317,2.4058542590886463,0.8995952593570684,220.67100655930346,1,0.3919279167048524
117.10935206528448,140.95539750399638,22.51556489078283,236.4544944649692,5.994850311706486,145.91834076178958,75.50744370590778,16.415594325189424,2.617737246501051,11.686563692078066,0.8024061625137363,235.01293968699127,1,0.08151342829303063
11.448622610429506,202.50693442048524,117.82463359821816,214.26389219157184,2.6387708686484497,126.43436022246789,49.38391655286506,77.06229805411905,3.43850581615674,1.7508838429167217,0.20182619125461504,217.07530905134828,1,0.17506460614704053
26.231455812260208,226.09521082588464,88.55272991467433,209.00245181473252,4.664008585545713,135.5205087994384,69.22618229752287,26.168547377411002,2.7288155065058604,4.315591461155402,1.851954163648465,208.68038274572885,0,0.04881108647028535
38.04322679288421,175.7650334896931,73.19004073021169,247.6966874583825,1.1309292223373202,105.21955940033206,99.56768611207626,11.603099514472435,1.8147211580073783,6.529855716555041,0.4390247112030835,246.83344557215227,0,0.0
109.81783231100451,72.71614145070606,131.83840164202587,230.1184679820877,1.6339278981285594,135.68455198610235,99.98787987325946,66.31171773151878,3.197654703914308,3.5332901310365954,0.2966529915613154,227.5899602582576,1,0.7194442307028104
57.489056378841624,104.08255014960564,54.64862684991411,222.0094236375232,5.75808789676999,92.8312121187041,63.61571987117126,66.22778038322159,1.818453570204064,10.012723320084485,2.1409352532333235,220.8422690261669,1,0.25856262731878504
122.39155884780278,39.51772558817333,135.4490425524989,232.36749848633332,3.425972305838545,92.55723340907606,40.78013309928308,31.73248083838591,1.5945773569551478,4.007008125754509,0.6775812139465506,230.27610710583815,1,0.23760372812755512
54.95851544326931,99.19152982769862,47.020585339884136,224.62458545207852,1.6816124967974078,115.94008657746537,78.5247122774321,38.96621789698862,2.0934219795718274,3.1165673378270156,1.4155876781340073,227.9310601130085,0,0.014262256776902286
76.45145071493857,117.11253025004943,47.07747455420443,229.16686097470708,3.0387031900945862,154.35625458439083,94.73891547892003,58.82042176940469,3.246232952046093,9.165089613000452,1.297714854196532,228.63475300340068,1,0.3528033844504733
104.8250929543425,128.52670498012384,75.85575683260178,231.46198733838062,3.578959060335224,129.82063399999032,37.04476401137827,27.57340686932863,3.053477422400596,4.131298921350462,0.38248958360928254,231.16610011218316,0,0.04590336874881906
116.13831068291185,253.31941722829288,138.50090603128277,228.68033943847038,4.250143967668468,95.6751181340353,37.38029942339078,72.7246687778902,3.4279350184401487,6.741885247183075,1.7775970285496019,230.20473191714595,1,0.5330213878238635
121.278340320568,253.57027502973222,53.35560333183227,206.23513962868955,5.456701178906063,151.69250398820287,88.17423109956181,12.510678242973325,2.9939469775406446,5.359083973939292,0.7056516867369341,206.1713795165532,1,0.5047804208810324
106.89387818148006,211.81003136748853,113.35849595011078,198.38466548204963,2.796176584858597,70.84941833777914,65.40349650237016,79.67955014405084,0.5622621019038181,0.25140218677009596,1.1071946028063973,195.23863826915684,1,0.7547960354760987
35.93822799550348,128.06760227006257,44.85185706165298,224.38776018240722,2.9451587634463836,150.95124061845394,96.44799410906711,50.467863844924075,3.264402310909028,2.2938013251764904,0.3431555299651479,222.55854896141446,0,0.05496616889200526
121.32366384347296,167.79320516984646,105.15545618764124,249.61220645162223,3.5501640894473647,73.8919278583922,97.485656441032,38.77536118539467,1.0749796591339198,10.073201338070199,0.1725206641747576,250.1096197113702,1,0.4938936776379198
